"","x"
"1","27.0"
"2","29.0"
"3","64.0"
"4","65.0"
"5","85.0"
"6","100.0"
"7","184.0"
"8","206.0"
"9","219.0"
"10","254.0"
"11","312.0"
"12","313.0"
"13","340.0"
"14","364.0"
"15","366.0"
"16","367.0"
"17","380.0"
"18","413.0"
"19","414.0"
"20","424.0"
"21","444.0"
"22","454.0"
"23","459.0"
"24","461.0"
"25","484.0"
"26","523.0"
"27","525.0"
"28","526.0"
"29","527.0"
"30","537.0"
"31","557.0"
"32","559.0"
"33","586.0"
"34","670.0"
"35","675.0"
"36","694.0"
"37","704.0"
"38","713.0"
"39","742.0"
"40","746.0"
"41","747.0"
"42","773.0"
"43","818.0"
"44","829.0"
"45","835.0"
"46","844.0"
"47","868.0"
"48","904.0"
"49","912.0"
"50","921.0"
"51","982.0"
"52","993.0"
"53","997.0"
"54","1010.0"
"55","1038.0"
"56","1053.0"
"57","1109.0"
"58","1112.0"
"59","1116.0"
"60","1128.0"
"61","1162.0"
"62","1165.0"
"63","1186.0"
"64","1189.0"
"65","1190.0"
"66","1216.0"
"67","1233.0"
"68","1236.0"
"69","1238.0"
"70","1256.0"
"71","1264.0"
"72","1269.0"
"73","1282.0"
"74","1317.0"
"75","1319.0"
"76","1334.0"
"77","1344.0"
"78","1353.0"
"79","1450.0"
"80","1456.0"
"81","1458.0"
"82","1471.0"
"83","1520.0"
"84","1525.0"
"85","1596.0"
"86","1615.0"
"87","1624.0"
"88","1625.0"
"89","1626.0"
"90","1645.0"
"91","1655.0"
"92","1658.0"
"93","1660.0"
"94","1681.0"
"95","1690.0"
"96","1713.0"
"97","1721.0"
"98","1731.0"
"99","1734.0"
"100","1784.0"
"101","1794.0"
"102","1799.0"
"103","1801.0"
"104","1804.0"
"105","1813.0"
"106","1833.0"
"107","1834.0"
"108","1838.0"
"109","1874.0"
"110","1888.0"
"111","1901.0"
"112","1918.0"
"113","1936.0"
"114","1941.0"
"115","1951.0"
"116","1973.0"
"117","1982.0"
"118","1999.0"
"119","2003.0"
"120","2005.0"
"121","2044.0"
"122","2058.0"
"123","2080.0"
"124","2081.0"
"125","2084.0"
"126","2106.0"
"127","2157.0"
"128","2184.0"
"129","2195.0"
"130","2233.0"
"131","2275.0"
"132","2292.0"
"133","2295.0"
"134","2315.0"
"135","2341.0"
"136","2366.0"
"137","2430.0"
"138","2448.0"
"139","2452.0"
"140","2453.0"
"141","2487.0"
"142","2493.0"
"143","2497.0"
"144","2519.0"
"145","2540.0"
"146","2541.0"
"147","2865.0"
"148","3130.0"
"149","3575.0"
"150","3587.0"
"151","3601.0"
"152","3614.0"
"153","3747.0"
"154","3830.0"
"155","3838.0"
"156","3851.0"
"157","3853.0"
"158","3856.0"
"159","3862.0"
"160","3869.0"
"161","3883.0"
"162","3926.0"
"163","3931.0"
"164","3982.0"
"165","3991.0"
"166","4006.0"
"167","4020.0"
"168","4034.0"
"169","4049.0"
"170","4144.0"
"171","4295.0"
"172","4422.0"
"173","4434.0"
"174","4444.0"
"175","4448.0"
"176","4486.0"
"177","4560.0"
"178","4597.0"
"179","4611.0"
"180","4616.0"
"181","4617.0"
"182","4620.0"
"183","4623.0"
"184","4627.0"
"185","4651.0"
"186","4653.0"
"187","4732.0"
"188","4769.0"
"189","4774.0"
"190","4798.0"
"191","4830.0"
"192","4844.0"
"193","4845.0"
"194","4882.0"
"195","4886.0"
"196","4915.0"
"197","4927.0"
"198","4935.0"
"199","4948.0"
"200","4972.0"
"201","4980.0"
"202","4988.0"
"203","5066.0"
"204","5133.0"
"205","5225.0"
"206","5226.0"
"207","5258.0"
"208","5335.0"
"209","5413.0"
"210","5443.0"
"211","5452.0"
"212","5511.0"
"213","5542.0"
"214","5553.0"
"215","5568.0"
"216","5624.0"
"217","5647.0"
"218","5668.0"
"219","5723.0"
"220","5731.0"
"221","5755.0"
"222","5761.0"
"223","5764.0"
"224","5767.0"
"225","5780.0"
"226","5781.0"
"227","5785.0"
"228","5796.0"
"229","5799.0"
"230","5807.0"
"231","5814.0"
"232","5867.0"
"233","5901.0"
"234","5920.0"
"235","5931.0"
"236","5941.0"
"237","5958.0"
"238","5964.0"
"239","6004.0"
"240","6011.0"
"241","6035.0"
"242","6040.0"
"243","6065.0"
"244","6103.0"
"245","6122.0"
"246","6130.0"
"247","6149.0"
"248","6174.0"
"249","6175.0"
"250","6205.0"
"251","6227.0"
"252","6243.0"
"253","6244.0"
"254","6288.0"
"255","6343.0"
"256","6374.0"
"257","6429.0"
"258","6471.0"
"259","6613.0"
"260","6626.0"
"261","6631.0"
"262","6635.0"
"263","6636.0"
"264","6647.0"
"265","6653.0"
"266","6676.0"
"267","6677.0"
"268","6678.0"
"269","6693.0"
"270","6695.0"
"271","6710.0"
"272","6737.0"
"273","6748.0"
"274","6762.0"
"275","6773.0"
"276","6784.0"
"277","6844.0"
"278","6885.0"
"279","6894.0"
"280","6905.0"
"281","6906.0"
"282","6908.0"
"283","6928.0"
"284","6940.0"
"285","6947.0"
"286","6951.0"
"287","6971.0"
"288","6978.0"
"289","6995.0"
"290","6997.0"
"291","6999.0"
"292","7009.0"
"293","7048.0"
"294","7064.0"
"295","7083.0"
"296","7118.0"
"297","7121.0"
"298","7130.0"
"299","7138.0"
"300","7153.0"
"301","7155.0"
"302","7173.0"
"303","7180.0"
"304","7185.0"
"305","7222.0"
"306","7227.0"
"307","7229.0"
"308","7234.0"
"309","7237.0"
"310","7386.0"
"311","7659.0"
"312","8174.0"
"313","8185.0"
"314","8186.0"
"315","8187.0"
"316","8225.0"
"317","8279.0"
"318","8300.0"
"319","8307.0"
"320","8325.0"
"321","8329.0"
"322","8465.0"
"323","8469.0"
"324","8530.0"
"325","8621.0"
"326","8623.0"
"327","8644.0"
"328","8657.0"
"329","8669.0"
"330","8744.0"
"331","8759.0"
"332","8849.0"
"333","8851.0"
"334","8873.0"
"335","8880.0"
"336","8882.0"
"337","8942.0"
"338","8954.0"
"339","9011.0"
"340","9013.0"
"341","9020.0"
"342","9025.0"
"343","9034.0"
"344","9037.0"
"345","9045.0"
"346","9054.0"
"347","9100.0"
"348","9130.0"
"349","9135.0"
"350","9196.0"
"351","9197.0"
"352","9219.0"
"353","9226.0"
"354","9227.0"
"355","9236.0"
"356","9244.0"
"357","9245.0"
"358","9250.0"
"359","9264.0"
"360","9269.0"
"361","9281.0"
"362","9289.0"
"363","9326.0"
"364","9336.0"
"365","9407.0"
"366","9411.0"
"367","9412.0"
"368","9423.0"
"369","9427.0"
"370","9449.0"
"371","9570.0"
"372","9577.0"
"373","9603.0"
"374","9611.0"
"375","9694.0"
"376","9707.0"
"377","9710.0"
"378","9715.0"
"379","9718.0"
"380","9727.0"
"381","9756.0"
"382","9761.0"
"383","9798.0"
"384","9812.0"
"385","9840.0"
"386","9844.0"
"387","9855.0"
"388","9895.0"
"389","9988.0"
"390","10052.0"
"391","10085.0"
"392","10128.0"
"393","10219.0"
"394","10236.0"
"395","10238.0"
"396","10241.0"
"397","10245.0"
"398","10246.0"
"399","10253.0"
"400","10287.0"
"401","10358.0"
"402","10366.0"
"403","10371.0"
"404","10391.0"
"405","10465.0"
"406","10470.0"
"407","10518.0"
"408","10546.0"
"409","10571.0"
"410","10630.0"
"411","10653.0"
"412","10688.0"
"413","10704.0"
"414","10723.0"
"415","10728.0"
"416","10780.0"
"417","10861.0"
"418","10866.0"
"419","10871.0"
"420","10876.0"
"421","10879.0"
"422","10896.0"
"423","10900.0"
"424","10913.0"
"425","10915.0"
"426","10917.0"
"427","10923.0"
"428","10927.0"
"429","10929.0"
"430","10936.0"
"431","10937.0"
"432","10942.0"
"433","10947.0"
"434","10958.0"
"435","10969.0"
"436","10974.0"
"437","10975.0"
"438","10980.0"
"439","10983.0"
"440","11002.0"
"441","11012.0"
"442","11021.0"
"443","11033.0"
"444","11034.0"
"445","11045.0"
"446","11055.0"
"447","11061.0"
"448","11069.0"
"449","11077.0"
"450","11078.0"
"451","11091.0"
"452","11102.0"
"453","11103.0"
"454","11108.0"
"455","11118.0"
"456","11126.0"
"457","11127.0"
"458","11132.0"
"459","11145.0"
"460","11152.0"
"461","11163.0"
"462","11168.0"
"463","11191.0"
"464","11195.0"
"465","11199.0"
"466","11203.0"
"467","11206.0"
"468","11214.0"
"469","11224.0"
"470","11226.0"
"471","11227.0"
"472","11231.0"
"473","11232.0"
"474","11234.0"
"475","11240.0"
"476","11242.0"
"477","11246.0"
"478","11247.0"
"479","11249.0"
"480","11256.0"
"481","11266.0"
"482","11270.0"
"483","11282.0"
"484","11288.0"
"485","11300.0"
"486","11315.0"
"487","11329.0"
"488","11334.0"
"489","11347.0"
"490","11649.0"
"491","11721.0"
"492","12327.0"
"493","12467.0"
"494","12468.0"
"495","12538.0"
"496","12539.0"
"497","12540.0"
"498","12542.0"
"499","12553.0"
"500","12573.0"
"501","12575.0"
"502","12581.0"
"503","12591.0"
"504","12624.0"
"505","12627.0"
"506","12663.0"
"507","12680.0"
"508","12708.0"
"509","12715.0"
"510","12716.0"
"511","12729.0"
"512","12749.0"
"513","12753.0"
"514","12755.0"
"515","12778.0"
"516","12784.0"
"517","12791.0"
"518","12813.0"
"519","12847.0"
"520","12876.0"
"521","12890.0"
"522","12893.0"
"523","12908.0"
"524","12960.0"
"525","12985.0"
"526","13007.0"
"527","13012.0"
"528","13027.0"
"529","13028.0"
"530","13058.0"
"531","13068.0"
"532","13083.0"
"533","13116.0"
"534","13118.0"
"535","13130.0"
"536","13133.0"
"537","13223.0"
"538","13224.0"
"539","13243.0"
"540","13251.0"
"541","13254.0"
"542","13256.0"
"543","13264.0"
"544","13266.0"
"545","13268.0"
"546","13269.0"
"547","13272.0"
"548","13273.0"
"549","13278.0"
"550","13295.0"
"551","13334.0"
"552","13345.0"
"553","13382.0"
"554","13419.0"
"555","13432.0"
"556","13438.0"
"557","13444.0"
"558","13452.0"
"559","13462.0"
"560","13492.0"
"561","13524.0"
"562","13530.0"
"563","13565.0"
"564","13570.0"
"565","13605.0"
"566","13607.0"
"567","13611.0"
"568","13643.0"
"569","13649.0"
"570","13796.0"
"571","13849.0"
"572","13940.0"
"573","13983.0"
"574","13986.0"
"575","13990.0"
"576","14010.0"
"577","14013.0"
"578","14030.0"
"579","14044.0"
"580","14053.0"
"581","14059.0"
"582","14090.0"
"583","14095.0"
"584","14101.0"
"585","14110.0"
"586","14127.0"
"587","14136.0"
"588","14147.0"
"589","14148.0"
"590","14180.0"
"591","14185.0"
"592","14194.0"
"593","14196.0"
"594","14201.0"
"595","14211.0"
"596","14217.0"
"597","14223.0"
"598","14228.0"
"599","14237.0"
"600","14246.0"
"601","14260.0"
"602","14263.0"
"603","14288.0"
"604","14305.0"
"605","14330.0"
"606","14335.0"
"607","14349.0"
"608","14362.0"
"609","14363.0"
"610","14378.0"
"611","14403.0"
"612","14412.0"
"613","14417.0"
"614","14455.0"
"615","14529.0"
"616","14581.0"
"617","14587.0"
"618","14588.0"
"619","14608.0"
"620","14622.0"
"621","14704.0"
"622","14728.0"
"623","14753.0"
"624","14768.0"
"625","14770.0"
"626","14782.0"
"627","14788.0"
"628","14789.0"
"629","14831.0"
"630","14885.0"
"631","14916.0"
"632","14917.0"
"633","14920.0"
"634","14929.0"
"635","14937.0"
"636","14943.0"
"637","14953.0"
"638","14956.0"
"639","14959.0"
"640","14960.0"
"641","14963.0"
"642","14964.0"
"643","14978.0"
"644","14981.0"
"645","14985.0"
"646","15162.0"
"647","15165.0"
"648","15175.0"
"649","15176.0"
"650","15181.0"
"651","15183.0"
"652","15196.0"
"653","15265.0"
"654","15281.0"
"655","15294.0"
"656","15295.0"
"657","15308.0"
"658","15316.0"
"659","15317.0"
"660","15405.0"
"661","15419.0"
"662","15450.0"
"663","15457.0"
"664","15531.0"
"665","15536.0"
"666","15594.0"
"667","15601.0"
"668","15617.0"
"669","15639.0"
"670","15662.0"
"671","15665.0"
"672","15700.0"
"673","15701.0"
"674","15711.0"
"675","15786.0"
"676","15928.0"
"677","15929.0"
"678","15934.0"
"679","15935.0"
"680","15936.0"
"681","15943.0"
"682","15944.0"
"683","15945.0"
"684","15946.0"
"685","15954.0"
"686","15960.0"
"687","15961.0"
"688","15963.0"
"689","15966.0"
"690","15967.0"
"691","15969.0"
"692","15972.0"
"693","15976.0"
"694","15977.0"
"695","15983.0"
"696","15984.0"
"697","15994.0"
"698","15996.0"
"699","16000.0"
"700","16001.0"
"701","16002.0"
"702","16003.0"
"703","16007.0"
"704","16126.0"
"705","16128.0"
"706","16130.0"
"707","16153.0"
"708","16155.0"
"709","16184.0"
"710","16235.0"
"711","16241.0"
"712","16282.0"
"713","16402.0"
"714","16451.0"
"715","16559.0"
"716","16581.0"
"717","16598.0"
"718","16605.0"
"719","16611.0"
"720","16613.0"
"721","16620.0"
"722","16630.0"
"723","16631.0"
"724","16633.0"
"725","16639.0"
"726","16645.0"
"727","16646.0"
"728","16667.0"
"729","16674.0"
"730","16676.0"
"731","16688.0"
"732","16692.0"
"733","16697.0"
"734","16699.0"
"735","16710.0"
"736","16720.0"
"737","16733.0"
"738","16770.0"
"739","16776.0"
"740","16786.0"
"741","16815.0"
"742","16818.0"
"743","16820.0"
"744","16823.0"
"745","16827.0"
"746","16828.0"
"747","16863.0"
"748","16869.0"
"749","16905.0"
"750","16909.0"
"751","17013.0"
"752","17019.0"
"753","17168.0"
"754","17398.0"
"755","17400.0"
"756","17401.0"
"757","17402.0"
"758","17416.0"
"759","17417.0"
"760","17440.0"
"761","17466.0"
"762","17488.0"
"763","17504.0"
"764","17505.0"
"765","17509.0"
"766","17510.0"
"767","17535.0"
"768","17585.0"
"769","17586.0"
"770","17599.0"
"771","17605.0"
"772","17609.0"
"773","17627.0"
"774","17642.0"
"775","17683.0"
"776","17699.0"
"777","17712.0"
"778","17752.0"
"779","17845.0"
"780","17851.0"
"781","17852.0"
"782","17853.0"
"783","17856.0"
"784","17858.0"
"785","17860.0"
"786","17862.0"
"787","17863.0"
"788","17866.0"
"789","17868.0"
"790","17871.0"
"791","17874.0"
"792","17876.0"
"793","17877.0"
"794","17880.0"
"795","17881.0"
"796","17883.0"
"797","17885.0"
"798","17887.0"
"799","17889.0"
"800","17891.0"
"801","17893.0"
"802","17894.0"
"803","17896.0"
"804","17897.0"
"805","17899.0"
"806","17900.0"
"807","17906.0"
"808","17911.0"
"809","17922.0"
"810","17929.0"
"811","17930.0"
"812","17931.0"
"813","17934.0"
"814","17936.0"
"815","17938.0"
"816","17939.0"
"817","17941.0"
"818","17944.0"
"819","17948.0"
"820","17949.0"
"821","17951.0"
"822","17957.0"
"823","17962.0"
"824","17963.0"
"825","17967.0"
"826","17971.0"
"827","17972.0"
"828","17974.0"
"829","17979.0"
"830","17981.0"
"831","17984.0"
"832","17986.0"
"833","17987.0"
"834","17988.0"
"835","17999.0"
"836","18001.0"
"837","18002.0"
"838","18003.0"
"839","18005.0"
"840","18006.0"
"841","18008.0"
"842","18011.0"
"843","18017.0"
"844","18020.0"
"845","18032.0"
"846","18034.0"
"847","18037.0"
"848","18041.0"
"849","18043.0"
"850","18045.0"
"851","18050.0"
"852","18053.0"
"853","18056.0"
"854","18063.0"
"855","18066.0"
"856","18096.0"
"857","18137.0"
"858","18138.0"
"859","18139.0"
"860","18143.0"
"861","18145.0"
"862","18155.0"
"863","18164.0"
"864","18177.0"
"865","18180.0"
"866","18197.0"
"867","18214.0"
"868","18215.0"
"869","18220.0"
"870","18228.0"
"871","18229.0"
"872","18231.0"
"873","18264.0"
"874","18272.0"
"875","18283.0"
"876","18285.0"
"877","18288.0"
"878","18296.0"
"879","18417.0"
"880","18430.0"
"881","18434.0"
"882","18456.0"
"883","18465.0"
"884","18468.0"
"885","18470.0"
"886","18487.0"
"887","18494.0"
"888","18498.0"
"889","18501.0"
"890","18512.0"
"891","18513.0"
"892","18534.0"
"893","18536.0"
"894","18547.0"
"895","18562.0"
"896","18566.0"
"897","18572.0"
"898","18577.0"
"899","18587.0"
"900","18591.0"
"901","18604.0"
"902","18625.0"
"903","18655.0"
"904","18664.0"
"905","18668.0"
"906","18675.0"
"907","18680.0"
"908","18713.0"
"909","18733.0"
"910","18755.0"
"911","18759.0"
"912","18761.0"
"913","18777.0"
"914","18778.0"
"915","18797.0"
"916","18800.0"
"917","18814.0"
"918","18827.0"
"919","18831.0"
"920","18837.0"
"921","18839.0"
"922","18871.0"
"923","18891.0"
"924","18934.0"
"925","18950.0"
"926","18956.0"
"927","18958.0"
"928","19056.0"
"929","19103.0"
"930","19105.0"
"931","19140.0"
"932","19141.0"
"933","19142.0"
"934","19169.0"
"935","19235.0"
"936","19237.0"
"937","19249.0"
"938","19254.0"
"939","19283.0"
"940","19284.0"
"941","19288.0"
"942","19311.0"
"943","19356.0"
"944","19361.0"
"945","19363.0"
"946","19364.0"
"947","19392.0"
"948","19469.0"
"949","19470.0"
"950","19503.0"
"951","19514.0"
"952","19576.0"
"953","19596.0"
"954","19607.0"
"955","19610.0"
"956","19619.0"
"957","19624.0"
"958","19628.0"
"959","19630.0"
"960","19633.0"
"961","19654.0"
"962","19663.0"
"963","19684.0"
"964","19694.0"
"965","19708.0"
"966","19714.0"
"967","19790.0"
"968","19809.0"
"969","19815.0"
"970","19817.0"
"971","19818.0"
"972","19825.0"
"973","19849.0"
"974","19909.0"
"975","19919.0"
"976","19922.0"
"977","19924.0"
"978","19952.0"
"979","19956.0"
"980","19964.0"
"981","19969.0"
"982","20021.0"
"983","20026.0"
"984","20062.0"
"985","20085.0"
"986","20100.0"
"987","20101.0"
"988","20122.0"
"989","20125.0"
"990","20135.0"
"991","20171.0"
"992","20184.0"
"993","20204.0"
"994","20228.0"
"995","20266.0"
"996","20278.0"
"997","20300.0"
"998","20315.0"
"999","20319.0"
"1000","20329.0"
"1001","20367.0"
"1002","20371.0"
"1003","20405.0"
"1004","20410.0"
"1005","20414.0"
"1006","20445.0"
"1007","20454.0"
"1008","20456.0"
"1009","20463.0"
"1010","20468.0"
"1011","20469.0"
"1012","20523.0"
"1013","20553.0"
"1014","20555.0"
"1015","20583.0"
"1016","20584.0"
"1017","20641.0"
"1018","20662.0"
"1019","20667.0"
"1020","20668.0"
"1021","20675.0"
"1022","20683.0"
"1023","20804.0"
"1024","20816.0"
"1025","20817.0"
"1026","20818.0"
"1027","20843.0"
"1028","20847.0"
"1029","20886.0"
"1030","20891.0"
"1031","20913.0"
"1032","20941.0"
"1033","20975.0"
"1034","20985.0"
"1035","21045.0"
"1036","21055.0"
"1037","21057.0"
"1038","21062.0"
"1039","21077.0"
"1040","21109.0"
"1041","21141.0"
"1042","21157.0"
"1043","21159.0"
"1044","21161.0"
"1045","21169.0"
"1046","21248.0"
"1047","21253.0"
"1048","21271.0"
"1049","21362.0"
"1050","21365.0"
"1051","21377.0"
"1052","21381.0"
"1053","21383.0"
"1054","21387.0"
"1055","21396.0"
"1056","21401.0"
"1057","21404.0"
"1058","21422.0"
"1059","21524.0"
"1060","21526.0"
"1061","21553.0"
"1062","21570.0"
"1063","21592.0"
"1064","21593.0"
"1065","21689.0"
"1066","21737.0"
"1067","21743.0"
"1068","21759.0"
"1069","21762.0"
"1070","21763.0"
"1071","21769.0"
"1072","21774.0"
"1073","21805.0"
"1074","21806.0"
"1075","22018.0"
"1076","22022.0"
"1077","22081.0"
"1078","22185.0"
"1079","22187.0"
"1080","22189.0"
"1081","22316.0"
"1082","22454.0"
"1083","22464.0"
"1084","22486.0"
"1085","22514.0"
"1086","22583.0"
"1087","22642.0"
"1088","22656.0"
"1089","22731.0"
"1090","22776.0"
"1091","22796.0"
"1092","22817.0"
"1093","22928.0"
"1094","22929.0"
"1095","23065.0"
"1096","23126.0"
"1097","23314.0"
"1098","23320.0"
"1099","23358.0"
"1100","23423.0"
"1101","23424.0"
"1102","23430.0"
"1103","23449.0"
"1104","23459.0"
"1105","23528.0"
"1106","23542.0"
"1107","23572.0"
"1108","23580.0"
"1109","23586.0"
"1110","23602.0"
"1111","23611.0"
"1112","23622.0"
"1113","23634.0"
"1114","23661.0"
"1115","23764.0"
"1116","23792.0"
"1117","23796.0"
"1118","23826.0"
"1119","23955.0"
"1120","23982.0"
"1121","23995.0"
"1122","24006.0"
"1123","24117.0"
"1124","24182.0"
"1125","24320.0"
"1126","24346.0"
"1127","24357.0"
"1128","24399.0"
"1129","24445.0"
"1130","24448.0"
"1131","24449.0"
"1132","24450.0"
"1133","24455.0"
"1134","24465.0"
"1135","24467.0"
"1136","24486.0"
"1137","24489.0"
"1138","24493.0"
"1139","24495.0"
"1140","24498.0"
"1141","24518.0"
"1142","24521.0"
"1143","24523.0"
"1144","24574.0"
"1145","24582.0"
"1146","24634.0"
"1147","24635.0"
"1148","24639.0"
"1149","24654.0"
"1150","24710.0"
"1151","24714.0"
"1152","24727.0"
"1153","24737.0"
"1154","24747.0"
"1155","24756.0"
"1156","24782.0"
"1157","24794.0"
"1158","24800.0"
"1159","24806.0"
"1160","24834.0"
"1161","24838.0"
"1162","24842.0"
"1163","24852.0"
"1164","24857.0"
"1165","24875.0"
"1166","24886.0"
"1167","24891.0"
"1168","24896.0"
"1169","24906.0"
"1170","24913.0"
"1171","24930.0"
"1172","24956.0"
"1173","25021.0"
"1174","25026.0"
"1175","25027.0"
"1176","25059.0"
"1177","25121.0"
"1178","25179.0"
"1179","25194.0"
"1180","25198.0"
"1181","25265.0"
"1182","25310.0"
"1183","25311.0"
"1184","25320.0"
"1185","25493.0"
"1186","25509.0"
"1187","25513.0"
"1188","25571.0"
"1189","25580.0"
"1190","25587.0"
"1191","25594.0"
"1192","25621.0"
"1193","25625.0"
"1194","25666.0"
"1195","25669.0"
"1196","25692.0"
"1197","25696.0"
"1198","25740.0"
"1199","25757.0"
"1200","25767.0"
"1201","25785.0"
"1202","25788.0"
"1203","25847.0"
"1204","25853.0"
"1205","25953.0"
"1206","25956.0"
"1207","25957.0"
"1208","25959.0"
"1209","25964.0"
"1210","25965.0"
"1211","25966.0"
"1212","25967.0"
"1213","26005.0"
"1214","26032.0"
"1215","26167.0"
"1216","26210.0"
"1217","26218.0"
"1218","26219.0"
"1219","26257.0"
"1220","26304.0"
"1221","26361.0"
"1222","26375.0"
"1223","26397.0"
"1224","26516.0"
"1225","26582.0"
"1226","26638.0"
"1227","26892.0"
"1228","26926.0"
"1229","26938.0"
"1230","26965.0"
"1231","27099.0"
"1232","27111.0"
"1233","27169.0"
"1234","27175.0"
"1235","27179.0"
"1236","27296.0"
"1237","27298.0"
"1238","27323.0"
"1239","27324.0"
"1240","27341.0"
"1241","27359.0"
"1242","27385.0"
"1243","27397.0"
"1244","27421.0"
"1245","27503.0"
"1246","27518.0"
"1247","27529.0"
"1248","27549.0"
"1249","27558.0"
"1250","27653.0"
"1251","27655.0"
"1252","27660.0"
"1253","27697.0"
"1254","27718.0"
"1255","27751.0"
"1256","27822.0"
"1257","27838.0"
"1258","27853.0"
"1259","27859.0"
"1260","27864.0"
"1261","27880.0"
"1262","27958.0"
"1263","28050.0"
"1264","28058.0"
"1265","28128.0"
"1266","28387.0"
"1267","28402.0"
"1268","28407.0"
"1269","28451.0"
"1270","28456.0"
"1271","28460.0"
"1272","28465.0"
"1273","28484.0"
"1274","28498.0"
"1275","28550.0"
"1276","28595.0"
"1277","28596.0"
"1278","28597.0"
"1279","28604.0"
"1280","28643.0"
"1281","28652.0"
"1282","28656.0"
"1283","28668.0"
"1284","28685.0"
"1285","28688.0"
"1286","28712.0"
"1287","28721.0"
"1288","28740.0"
"1289","28763.0"
"1290","28773.0"
"1291","28781.0"
"1292","28783.0"
"1293","28860.0"
"1294","29165.0"
"1295","29224.0"
"1296","29492.0"
"1297","29912.0"
"1298","30611.0"
"1299","30759.0"
"1300","31487.0"
"1301","31606.0"
"1302","31670.0"
"1303","32424.0"
"1304","32551.0"
"1305","33186.0"
"1306","33331.0"
"1307","33932.0"
"1308","33983.0"
"1309","34013.0"
"1310","34636.0"
"1311","34755.0"
"1312","34863.0"
"1313","35151.0"
"1314","35375.0"
"1315","35714.0"
"1316","35735.0"
"1317","35739.0"
"1318","35743.0"
"1319","35772.0"
"1320","35775.0"
"1321","35785.0"
"1322","36174.0"
"1323","36357.0"
"1324","36388.0"
"1325","36397.0"
"1326","36423.0"
"1327","36431.0"
"1328","36437.0"
"1329","36494.0"
"1330","36515.0"
"1331","36538.0"
"1332","36702.0"
"1333","36724.0"
"1334","36731.0"
"1335","36785.0"
"1336","36861.0"
"1337","36927.0"
"1338","36945.0"
"1339","36949.0"
"1340","36956.0"
"1341","36988.0"
"1342","36995.0"
"1343","36997.0"
"1344","37061.0"
"1345","37156.0"
"1346","37239.0"
"1347","37262.0"
"1348","37282.0"
"1349","37314.0"
"1350","37408.0"
"1351","37418.0"
"1352","37573.0"
"1353","37586.0"
"1354","37621.0"
"1355","37998.0"
"1356","38118.0"
"1357","38199.0"
"1358","38211.0"
"1359","38382.0"
"1360","38388.0"
"1361","38423.0"
"1362","38557.0"
"1363","38590.0"
"1364","38609.0"
"1365","38630.0"
"1366","38726.0"
"1367","38798.0"
"1368","38835.0"
"1369","38891.0"
"1370","38904.0"
"1371","38941.0"
"1372","38956.0"
"1373","38964.0"
"1374","38992.0"
"1375","39091.0"
"1376","39111.0"
"1377","39126.0"
"1378","39173.0"
"1379","39177.0"
"1380","39189.0"
"1381","39220.0"
"1382","39241.0"
"1383","39312.0"
"1384","39352.0"
"1385","39455.0"
"1386","39457.0"
"1387","39571.0"
"1388","39591.0"
"1389","39645.0"
"1390","39680.0"
"1391","39712.0"
"1392","39716.0"
"1393","39717.0"
"1394","39745.0"
"1395","39750.0"
"1396","39795.0"
"1397","39851.0"
"1398","39871.0"
"1399","39917.0"
"1400","39944.0"
"1401","39967.0"
"1402","39969.0"
"1403","40036.0"
"1404","40037.0"
"1405","40108.0"
"1406","40137.0"
"1407","40259.0"
"1408","40305.0"
"1409","40334.0"
"1410","40335.0"
"1411","40339.0"
"1412","40340.0"
"1413","40342.0"
"1414","40355.0"
"1415","40357.0"
"1416","40366.0"
"1417","40371.0"
"1418","40418.0"
"1419","40452.0"
"1420","40527.0"
"1421","40579.0"
"1422","40670.0"
"1423","40687.0"
"1424","40688.0"
"1425","40702.0"
"1426","40717.0"
"1427","40757.0"
"1428","40761.0"
"1429","40936.0"
"1430","40948.0"
"1431","40998.0"
"1432","41099.0"
"1433","41122.0"
"1434","41125.0"
"1435","41160.0"
"1436","41224.0"
"1437","41271.0"
"1438","41282.0"
"1439","41290.0"
"1440","41569.0"
"1441","41653.0"
"1442","41661.0"
"1443","41680.0"
"1444","41693.0"
"1445","41891.0"
"1446","41901.0"
"1447","41912.0"
"1448","41997.0"
"1449","42003.0"
"1450","42042.0"
"1451","42091.0"
"1452","42123.0"
"1453","42213.0"
"1454","42229.0"
"1455","42241.0"
"1456","42260.0"
"1457","42267.0"
"1458","42283.0"
"1459","42295.0"
"1460","42303.0"
"1461","42411.0"
"1462","42487.0"
"1463","42488.0"
"1464","42490.0"
"1465","42629.0"
"1466","42682.0"
"1467","42703.0"
"1468","42723.0"
"1469","42725.0"
"1470","42733.0"
"1471","42747.0"
"1472","42781.0"
"1473","42792.0"
"1474","42796.0"
"1475","42805.0"
"1476","42909.0"
"1477","42924.0"
"1478","42968.0"
"1479","43033.0"
"1480","43074.0"
"1481","43076.0"
"1482","43301.0"
"1483","43557.0"
"1484","43632.0"
"1485","43680.0"
"1486","43694.0"
"1487","43699.0"
"1488","43814.0"
"1489","43848.0"
"1490","43948.0"
"1491","44036.0"
"1492","44330.0"
"1493","44405.0"
"1494","44417.0"
"1495","44523.0"
"1496","44596.0"
"1497","44602.0"
"1498","44627.0"
"1499","44677.0"
"1500","44688.0"
"1501","44724.0"
"1502","44851.0"
"1503","44858.0"
"1504","44869.0"
"1505","44998.0"
"1506","45001.0"
"1507","45048.0"
"1508","45307.0"
"1509","45378.0"
"1510","45406.0"
"1511","45474.0"
"1512","45534.0"
"1513","45536.0"
"1514","45579.0"
"1515","45632.0"
"1516","45667.0"
"1517","45782.0"
"1518","45783.0"
"1519","45827.0"
"1520","45949.0"
"1521","46041.0"
"1522","46159.0"
"1523","46294.0"
"1524","46370.0"
"1525","46376.0"
"1526","46450.0"
"1527","46590.0"
"1528","46628.0"
"1529","46637.0"
"1530","46645.0"
"1531","46679.0"
"1532","46709.0"
"1533","46756.0"
"1534","46765.0"
"1535","47147.0"
"1536","47192.0"
"1537","47199.0"
"1538","47210.0"
"1539","47248.0"
"1540","47293.0"
"1541","47319.0"
"1542","47323.0"
"1543","47414.0"
"1544","47441.0"
"1545","47620.0"
"1546","47625.0"
"1547","47642.0"
"1548","47732.0"
"1549","47735.0"
"1550","48287.0"
"1551","48707.0"
"1552","49175.0"
"1553","49179.0"
"1554","49191.0"
"1555","49561.0"
"1556","49579.0"
"1557","49584.0"
"1558","49629.0"
"1559","49636.0"
"1560","49649.0"
"1561","49670.0"
"1562","49678.0"
"1563","49679.0"
"1564","49716.0"
"1565","49719.0"
"1566","49729.0"
"1567","49737.0"
"1568","49739.0"
"1569","49747.0"
"1570","49889.0"
"1571","49892.0"
"1572","49912.0"
"1573","49921.0"
"1574","49986.0"
"1575","50001.0"
"1576","50028.0"
"1577","50029.0"
"1578","50050.0"
"1579","50063.0"
"1580","50083.0"
"1581","50095.0"
"1582","50099.0"
"1583","50131.0"
"1584","50192.0"
"1585","50203.0"
"1586","50219.0"
"1587","50235.0"
"1588","50262.0"
"1589","50273.0"
"1590","50321.0"
"1591","50354.0"
"1592","50379.0"
"1593","50383.0"
"1594","50440.0"
"1595","50465.0"
"1596","50478.0"
"1597","50500.0"
"1598","50526.0"
"1599","50544.0"
"1600","50560.0"
"1601","50611.0"
"1602","50618.0"
"1603","50857.0"
"1604","50961.0"
"1605","50963.0"
"1606","50967.0"
"1607","50998.0"
"1608","51077.0"
"1609","51089.0"
"1610","51115.0"
"1611","51116.0"
"1612","51135.0"
"1613","51201.0"
"1614","51246.0"
"1615","51280.0"
"1616","51295.0"
"1617","51300.0"
"1618","51315.0"
"1619","51330.0"
"1620","51338.0"
"1621","51365.0"
"1622","51393.0"
"1623","51398.0"
"1624","51399.0"
"1625","51414.0"
"1626","51418.0"
"1627","51420.0"
"1628","51430.0"
"1629","51455.0"
"1630","51580.0"
"1631","51614.0"
"1632","51657.0"
"1633","51667.0"
"1634","51679.0"
"1635","51750.0"
"1636","51758.0"
"1637","51874.0"
"1638","51884.0"
"1639","51890.0"
"1640","51893.0"
"1641","51913.0"
"1642","51966.0"
"1643","51971.0"
"1644","51978.0"
"1645","51987.0"
"1646","52021.0"
"1647","52046.0"
"1648","52052.0"
"1649","52126.0"
"1650","52150.0"
"1651","52159.0"
"1652","52250.0"
"1653","52265.0"
"1654","52291.0"
"1655","52307.0"
"1656","52316.0"
"1657","52319.0"
"1658","52327.0"
"1659","52334.0"
"1660","52381.0"
"1661","52382.0"
"1662","52401.0"
"1663","52409.0"
"1664","52414.0"
"1665","52517.0"
"1666","52543.0"
"1667","52594.0"
"1668","52643.0"
"1669","52648.0"
"1670","52662.0"
"1671","52664.0"
"1672","52667.0"
"1673","52739.0"
"1674","52748.0"
"1675","52788.0"
"1676","52823.0"
"1677","52833.0"
"1678","52841.0"
"1679","52889.0"
"1680","52906.0"
"1681","52935.0"
"1682","52985.0"
"1683","52986.0"
"1684","53006.0"
"1685","53017.0"
"1686","53046.0"
"1687","53056.0"
"1688","53068.0"
"1689","53070.0"
"1690","53078.0"
"1691","53083.0"
"1692","53098.0"
"1693","53112.0"
"1694","53113.0"
"1695","53158.0"
"1696","53176.0"
"1697","53226.0"
"1698","53316.0"
"1699","53345.0"
"1700","53388.0"
"1701","53450.0"
"1702","53521.0"
"1703","53568.0"
"1704","53600.0"
"1705","53626.0"
"1706","53752.0"
"1707","53813.0"
"1708","53902.0"
"1709","54053.0"
"1710","54059.0"
"1711","54097.0"
"1712","54201.0"
"1713","54208.0"
"1714","54226.0"
"1715","54229.0"
"1716","54237.0"
"1717","54250.0"
"1718","54287.0"
"1719","54316.0"
"1720","54380.0"
"1721","54397.0"
"1722","54400.0"
"1723","54436.0"
"1724","54439.0"
"1725","54500.0"
"1726","54505.0"
"1727","54576.0"
"1728","54597.0"
"1729","54621.0"
"1730","54660.0"
"1731","54662.0"
"1732","54671.0"
"1733","54702.0"
"1734","54712.0"
"1735","54739.0"
"1736","54743.0"
"1737","54827.0"
"1738","54858.0"
"1739","54861.0"
"1740","54881.0"
"1741","54896.0"
"1742","55385.0"
"1743","55387.0"
"1744","55393.0"
"1745","56182.0"
"1746","56195.0"
"1747","56196.0"
"1748","56200.0"
"1749","56326.0"
"1750","56330.0"
"1751","56338.0"
"1752","56673.0"
"1753","56695.0"
"1754","56744.0"
"1755","56836.0"
"1756","56969.0"
"1757","56981.0"
"1758","56993.0"
"1759","57103.0"
"1760","57155.0"
"1761","57271.0"
"1762","57363.0"
"1763","57365.0"
"1764","57368.0"
"1765","57448.0"
"1766","57561.0"
"1767","57656.0"
"1768","57679.0"
"1769","57759.0"
"1770","57834.0"
"1771","57916.0"
"1772","58016.0"
"1773","58026.0"
"1774","58046.0"
"1775","58065.0"
"1776","58128.0"
"1777","58367.0"
"1778","58408.0"
"1779","58435.0"
"1780","58455.0"
"1781","58501.0"
"1782","58529.0"
"1783","58580.0"
"1784","58598.0"
"1785","58639.0"
"1786","58725.0"
"1787","59019.0"
"1788","59118.0"
"1789","59223.0"
"1790","59285.0"
"1791","59301.0"
"1792","59303.0"
"1793","59347.0"
"1794","59520.0"
"1795","59521.0"
"1796","59594.0"
"1797","59596.0"
"1798","59639.0"
"1799","59776.0"
"1800","59783.0"
"1801","59812.0"
"1802","59865.0"
"1803","59982.0"
"1804","60176.0"
"1805","60311.0"
"1806","60424.0"
"1807","60453.0"
"1808","60477.0"
"1809","60545.0"
"1810","60581.0"
"1811","60640.0"
"1812","60723.0"
"1813","60825.0"
"1814","60923.0"
"1815","61246.0"
"1816","61262.0"
"1817","61267.0"
"1818","61447.0"
"1819","61501.0"
"1820","61526.0"
"1821","61533.0"
"1822","61609.0"
"1823","62110.0"
"1824","62167.0"
"1825","62360.0"
"1826","62592.0"
"1827","62708.0"
"1828","63016.0"
"1829","63538.0"
"1830","63621.0"
"1831","63702.0"
"1832","63812.0"
"1833","63842.0"
"1834","63867.0"
"1835","64015.0"
"1836","64068.0"
"1837","64100.0"
"1838","64111.0"
"1839","65035.0"
"1840","65159.0"
"1841","65165.0"
"1842","65213.0"
"1843","65214.0"
"1844","66887.0"
"1845","69929.0"
"1846","71463.0"
"1847","72377.0"
"1848","73629.0"
"1849","73647.0"
"1850","73753.0"
"1851","73759.0"
"1852","73763.0"
"1853","73875.0"
"1854","73911.0"
"1855","74185.0"
"1856","74233.0"
"1857","74265.0"
"1858","74267.0"
"1859","74271.0"
"1860","74294.0"
"1861","74427.0"
"1862","74461.0"
"1863","74464.0"
"1864","74522.0"
"1865","74550.0"
"1866","74585.0"
"1867","74625.0"
"1868","74706.0"
"1869","74786.0"
"1870","74828.0"
"1871","74876.0"
"1872","74920.0"
"1873","74946.0"
"1874","75100.0"
"1875","75204.0"
"1876","75576.0"
"1877","75639.0"
"1878","75654.0"
"1879","75657.0"
"1880","75773.0"
"1881","75776.0"
"1882","75787.0"
"1883","75804.0"
"1884","75859.0"
"1885","75869.0"
"1886","75879.0"
"1887","75900.0"
"1888","75913.0"
"1889","76020.0"
"1890","76064.0"
"1891","76068.0"
"1892","76090.0"
"1893","76135.0"
"1894","76141.0"
"1895","76308.0"
"1896","76309.0"
"1897","76311.0"
"1898","76438.0"
"1899","76505.0"
"1900","76511.0"
"1901","76530.0"
"1902","76587.0"
"1903","76590.0"
"1904","76600.0"
"1905","76621.0"
"1906","76663.0"
"1907","76852.0"
"1908","76870.0"
"1909","76966.0"
"1910","77033.0"
"1911","77125.0"
"1912","77158.0"
"1913","77294.0"
"1914","77532.0"
"1915","77703.0"
"1916","77825.0"
"1917","78143.0"
"1918","78307.0"
"1919","78599.0"
"1920","78693.0"
"1921","78887.0"
"1922","78891.0"
"1923","79012.0"
"1924","79059.0"
"1925","79135.0"
"1926","79147.0"
"1927","79366.0"
"1928","79579.0"
"1929","79591.0"
"1930","79648.0"
"1931","79759.0"
"1932","79895.0"
"1933","80013.0"
"1934","80097.0"
"1935","80185.0"
"1936","80224.0"
"1937","80469.0"
"1938","80517.0"
"1939","80579.0"
"1940","80762.0"
"1941","80865.0"
"1942","80907.0"
"1943","80932.0"
"1944","80954.0"
"1945","81037.0"
"1946","81039.0"
"1947","81177.0"
"1948","81179.0"
"1949","81211.0"
"1950","81219.0"
"1951","81231.0"
"1952","81233.0"
"1953","81245.0"
"1954","81274.0"
"1955","81336.0"
"1956","81342.0"
"1957","81435.0"
"1958","81445.0"
"1959","81609.0"
"1960","81700.0"
"1961","81763.0"
"1962","81810.0"
"1963","81892.0"
"1964","81906.0"
"1965","82025.0"
"1966","82218.0"
"1967","82322.0"
"1968","82467.0"
"1969","82676.0"
"1970","82927.0"
"1971","82987.0"
"1972","83031.0"
"1973","83053.0"
"1974","83054.0"
"1975","83090.0"
"1976","83111.0"
"1977","83137.0"
"1978","83347.0"
"1979","83355.0"
"1980","83390.0"
"1981","83448.0"
"1982","83525.0"
"1983","83766.0"
"1984","83812.0"
"1985","83853.0"
"1986","83980.0"
"1987","83992.0"
"1988","84016.0"
"1989","84048.0"
"1990","84111.0"
"1991","84145.0"
"1992","84150.0"
"1993","84180.0"
"1994","84284.0"
"1995","84392.0"
"1996","84401.0"
"1997","84492.0"
"1998","84602.0"
"1999","84697.0"
"2000","85003.0"
"2001","85120.0"
"2002","85135.0"
"2003","85350.0"
"2004","85389.0"
"2005","85571.0"
"2006","85623.0"
"2007","85631.0"
"2008","85634.0"
"2009","85639.0"
"2010","85644.0"
"2011","85768.0"
"2012","85848.0"
"2013","86093.0"
"2014","86257.0"
"2015","86356.0"
"2016","86389.0"
"2017","86434.0"
"2018","86520.0"
"2019","86589.0"
"2020","86606.0"
"2021","86624.0"
"2022","86626.0"
"2023","86795.0"
"2024","87137.0"
"2025","87175.0"
"2026","87281.0"
"2027","87313.0"
"2028","87327.0"
"2029","87414.0"
"2030","87555.0"
"2031","87621.0"
"2032","87793.0"
"2033","87926.0"
"2034","87969.0"
"2035","88060.0"
"2036","88080.0"
"2037","88392.0"
"2038","88552.0"
"2039","88630.0"
"2040","88650.0"
"2041","88857.0"
"2042","88986.0"
"2043","89148.0"
"2044","89312.0"
"2045","89328.0"
"2046","89499.0"
"2047","89508.0"
"2048","89543.0"
"2049","89696.0"
"2050","89977.0"
"2051","89980.0"
"2052","90022.0"
"2053","90036.0"
"2054","90137.0"
"2055","90463.0"
"2056","90577.0"
"2057","90706.0"
"2058","90773.0"
"2059","90810.0"
"2060","90930.0"
"2061","91098.0"
"2062","91128.0"
"2063","91174.0"
"2064","91204.0"
"2065","91503.0"
"2066","91645.0"
"2067","91853.0"
"2068","91907.0"
"2069","91979.0"
"2070","91984.0"
"2071","92045.0"
"2072","92067.0"
"2073","92097.0"
"2074","92124.0"
"2075","92212.0"
"2076","92240.0"
"2077","92299.0"
"2078","92329.0"
"2079","92556.0"
"2080","92793.0"
"2081","93081.0"
"2082","93124.0"
"2083","93127.0"
"2084","93167.0"
"2085","93308.0"
"2086","93402.0"
"2087","93416.0"
"2088","93629.0"
"2089","93732.0"
"2090","93829.0"
"2091","93830.0"
"2092","93996.0"
"2093","94060.0"
"2094","94073.0"
"2095","94082.0"
"2096","94412.0"
"2097","94623.0"
"2098","94744.0"
"2099","94834.0"
"2100","95059.0"
"2101","95163.0"
"2102","95191.0"
"2103","95203.0"
"2104","95382.0"
"2105","95428.0"
"2106","95527.0"
"2107","95621.0"
"2108","95636.0"
"2109","95651.0"
"2110","95725.0"
"2111","95743.0"
"2112","96004.0"
"2113","96109.0"
"2114","96135.0"
"2115","96357.0"
"2116","96434.0"
"2117","96442.0"
"2118","96519.0"
"2119","96529.0"
"2120","96677.0"
"2121","96892.0"
"2122","96912.0"
"2123","96963.0"
"2124","97076.0"
"2125","97077.0"
"2126","97160.0"
"2127","97190.0"
"2128","97243.0"
"2129","97711.0"
"2130","97853.0"
"2131","97879.0"
"2132","98201.0"
"2133","98252.0"
"2134","98307.0"
"2135","98311.0"
"2136","98399.0"
"2137","98671.0"
"2138","98939.0"
"2139","99012.0"
"2140","99056.0"
"2141","99171.0"
"2142","99479.0"
"2143","99556.0"
"2144","99721.0"
"2145","99797.0"
"2146","99825.0"
"2147","99875.0"
"2148","99926.0"
"2149","100200.0"
"2150","100374.0"
"2151","100784.0"
"2152","100800.0"
"2153","100953.0"
"2154","101132.0"
"2155","101705.0"
"2156","101832.0"
"2157","102016.0"
"2158","102247.0"
"2159","102368.0"
"2160","102668.0"
"2161","102686.0"
"2162","102774.0"
"2163","102971.0"
"2164","103116.0"
"2165","103165.0"
"2166","103167.0"
"2167","103295.0"
"2168","103595.0"
"2169","103599.0"
"2170","103809.0"
"2171","110671.0"
"2172","110918.0"
"2173","111105.0"
"2174","111545.0"
"2175","114672.0"
"2176","114896.0"
"2177","114921.0"
"2178","114958.0"
"2179","115070.0"
"2180","115251.0"
"2181","115497.0"
"2182","115554.0"
"2183","115758.0"
"2184","116521.0"
"2185","116698.0"
"2186","116835.0"
"2187","118750.0"
"2188","120440.0"
"2189","121326.0"
"2190","121480.0"
"2191","121881.0"
"2192","121975.0"
"2193","127632.0"
"2194","136825.0"
"2195","137549.0"
"2196","139817.0"
"2197","141623.0"
"2198","142021.0"
"2199","143545.0"
"2200","144528.0"
"2201","147239.0"
"2202","148995.0"
"2203","150116.0"
"2204","152249.0"
"2205","154751.0"
"2206","158366.0"
"2207","158403.0"
"2208","159729.0"
"2209","160513.0"
"2210","161191.0"
"2211","183101.0"
"2212","183391.0"
"2213","183398.0"
"2214","183431.0"
"2215","183636.0"
"2216","183742.0"
"2217","184100.0"
"2218","184216.0"
"2219","184226.0"
"2220","184282.0"
"2221","184332.0"
"2222","184573.0"
"2223","184586.0"
"2224","184788.0"
"2225","184957.0"
"2226","185008.0"
"2227","185011.0"
"2228","185124.0"
"2229","185200.0"
"2230","185287.0"
"2231","185350.0"
"2232","185354.0"
"2233","185501.0"
"2234","185834.0"
"2235","185956.0"
"2236","186005.0"
"2237","186019.0"
"2238","186064.0"
"2239","186146.0"
"2240","186306.0"
"2241","186389.0"
"2242","186396.0"
"2243","186400.0"
"2244","186401.0"
"2245","186543.0"
"2246","186818.0"
"2247","187028.0"
"2248","187029.0"
"2249","187142.0"
"2250","187790.0"
"2251","187878.0"
"2252","188035.0"
"2253","188080.0"
"2254","188192.0"
"2255","188229.0"
"2256","188298.0"
"2257","188356.0"
"2258","188477.0"
"2259","188631.0"
"2260","189117.0"
"2261","189123.0"
"2262","189286.0"
"2263","189387.0"
"2264","202780.0"
"2265","210344.0"
"2266","220759.0"
"2267","220801.0"
"2268","220821.0"
"2269","221361.0"
"2270","221829.0"
"2271","222017.0"
"2272","222726.0"
"2273","222824.0"
"2274","223412.0"
"2275","223973.0"
"2276","223995.0"
"2277","224311.0"
"2278","224324.0"
"2279","224335.0"
"2280","224369.0"
"2281","224493.0"
"2282","224511.0"
"2283","224727.0"
"2284","224787.0"
"2285","224941.0"
"2286","225390.0"
"2287","225812.0"
"2288","225878.0"
"2289","225898.0"
"2290","226104.0"
"2291","226407.0"
"2292","226435.0"
"2293","226543.0"
"2294","226544.0"
"2295","226574.0"
"2296","226694.0"
"2297","226715.0"
"2298","226782.0"
"2299","226833.0"
"2300","226840.0"
"2301","226919.0"
"2302","226945.0"
"2303","227069.0"
"2304","227301.0"
"2305","227502.0"
"2306","227680.0"
"2307","227831.0"
"2308","227889.0"
"2309","227967.0"
"2310","228212.0"
"2311","228281.0"
"2312","228287.0"
"2313","228547.0"
"2314","228695.0"
"2315","228729.0"
"2316","228974.0"
"2317","229236.0"
"2318","229272.0"
"2319","229410.0"
"2320","229506.0"
"2321","229561.0"
"2322","229677.0"
"2323","229976.0"
"2324","230129.0"
"2325","230181.0"
"2326","230257.0"
"2327","230319.0"
"2328","230421.0"
"2329","230585.0"
"2330","230839.0"
"2331","230930.0"
"2332","231022.0"
"2333","231157.0"
"2334","231221.0"
"2335","231241.0"
"2336","231313.0"
"2337","231430.0"
"2338","231577.0"
"2339","231756.0"
"2340","231904.0"
"2341","232020.0"
"2342","232107.0"
"2343","232500.0"
"2344","232544.0"
"2345","232611.0"
"2346","232618.0"
"2347","232711.0"
"2348","232974.0"
"2349","233058.0"
"2350","233195.0"
"2351","233314.0"
"2352","233833.0"
"2353","234165.0"
"2354","235065.0"
"2355","235084.0"
"2356","235103.0"
"2357","235195.0"
"2358","235548.0"
"2359","235750.0"
"2360","235865.0"
"2361","235920.0"
"2362","235958.0"
"2363","236078.0"
"2364","236086.0"
"2365","236382.0"
"2366","236553.0"
"2367","236808.0"
"2368","236827.0"
"2369","236860.0"
"2370","236867.0"
"2371","236925.0"
"2372","237078.0"
"2373","237135.0"
"2374","237321.0"
"2375","237540.0"
"2376","237575.0"
"2377","237581.0"
"2378","237598.0"
"2379","237666.0"
"2380","237940.0"
"2381","238099.0"
"2382","238588.0"
"2383","238593.0"
"2384","238642.0"
"2385","239164.0"
"2386","239273.0"
"2387","239786.0"
"2388","239945.0"
"2389","240188.0"
"2390","240247.0"
"2391","240376.0"
"2392","240406.0"
"2393","240454.0"
"2394","240807.0"
"2395","240921.0"
"2396","241115.0"
"2397","241255.0"
"2398","241282.0"
"2399","241877.0"
"2400","241897.0"
"2401","241921.0"
"2402","242048.0"
"2403","242134.0"
"2404","242261.0"
"2405","242609.0"
"2406","242739.0"
"2407","242778.0"
"2408","242804.0"
"2409","243016.0"
"2410","243035.0"
"2411","243089.0"
"2412","243497.0"
"2413","243840.0"
"2414","244204.0"
"2415","244221.0"
"2416","244364.0"
"2417","244438.0"
"2418","244781.0"
"2419","244915.0"
"2420","244952.0"
"2421","245036.0"
"2422","245220.0"
"2423","245376.0"
"2424","245468.0"
"2425","245626.0"
"2426","245927.0"
"2427","246194.0"
"2428","246343.0"
"2429","246542.0"
"2430","246784.0"
"2431","246980.0"
"2432","246983.0"
"2433","247005.0"
"2434","247136.0"
"2435","247147.0"
"2436","247149.0"
"2437","247157.0"
"2438","247160.0"
"2439","247549.0"
"2440","248099.0"
"2441","248101.0"
"2442","248244.0"
"2443","249381.0"
"2444","249416.0"
"2445","249566.0"
"2446","249816.0"
"2447","249853.0"
"2448","249891.0"
"2449","250170.0"
"2450","250487.0"
"2451","250664.0"
"2452","250784.0"
"2453","251097.0"
"2454","251098.0"
"2455","251267.0"
"2456","251561.0"
"2457","251697.0"
"2458","251783.0"
"2459","252135.0"
"2460","252141.0"
"2461","252555.0"
"2462","252605.0"
"2463","252666.0"
"2464","252895.0"
"2465","252963.0"
"2466","253443.0"
"2467","253807.0"
"2468","253967.0"
"2469","254068.0"
"2470","254782.0"
"2471","254952.0"
"2472","255122.0"
"2473","255313.0"
"2474","255360.0"
"2475","255513.0"
"2476","255621.0"
"2477","255855.0"
"2478","256467.0"
"2479","257047.0"
"2480","257158.0"
"2481","257240.0"
"2482","257373.0"
"2483","257425.0"
"2484","257561.0"
"2485","257643.0"
"2486","259077.0"
"2487","259123.0"
"2488","259215.0"
"2489","259304.0"
"2490","259400.0"
"2491","259431.0"
"2492","259728.0"
"2493","259835.0"
"2494","260572.0"
"2495","260971.0"
"2496","262069.0"
"2497","262071.0"
"2498","262081.0"
"2499","262629.0"
"2500","262995.0"
"2501","263357.0"
"2502","263407.0"
"2503","263829.0"
"2504","264049.0"
"2505","264079.0"
"2506","264404.0"
"2507","264481.0"
"2508","264547.0"
"2509","264617.0"
"2510","264753.0"
"2511","264888.0"
"2512","264915.0"
"2513","265108.0"
"2514","265877.0"
"2515","266045.0"
"2516","266087.0"
"2517","266142.0"
"2518","266374.0"
"2519","266437.0"
"2520","267315.0"
"2521","267839.0"
"2522","268389.0"
"2523","268390.0"
"2524","268475.0"
"2525","268658.0"
"2526","268889.0"
"2527","269284.0"
"2528","269526.0"
"2529","269733.0"
"2530","270783.0"
"2531","270874.0"
"2532","271659.0"
"2533","271723.0"
"2534","271833.0"
"2535","271883.0"
"2536","271949.0"
"2537","272021.0"
"2538","272183.0"
"2539","272412.0"
"2540","272791.0"
"2541","272795.0"
"2542","273355.0"
"2543","273418.0"
"2544","273748.0"
"2545","273765.0"
"2546","274135.0"
"2547","274321.0"
"2548","274804.0"
"2549","274931.0"
"2550","274995.0"
"2551","275214.0"
"2552","275746.0"
"2553","275767.0"
"2554","276005.0"
"2555","276633.0"
"2556","276747.0"
"2557","276755.0"
"2558","276805.0"
"2559","276888.0"
"2560","277346.0"
"2561","277445.0"
"2562","277779.0"
"2563","278071.0"
"2564","278731.0"
"2565","279022.0"
"2566","279500.0"
"2567","280204.0"
"2568","280343.0"
"2569","280926.0"
"2570","281106.0"
"2571","281468.0"
"2572","281524.0"
"2573","282012.0"
"2574","282280.0"
"2575","282988.0"
"2576","283274.0"
"2577","283319.0"
"2578","283382.0"
"2579","283398.0"
"2580","283399.0"
"2581","283400.0"
"2582","283401.0"
"2583","283404.0"
"2584","283431.0"
"2585","283511.0"
"2586","283677.0"
"2587","283882.0"
"2588","284296.0"
"2589","284429.0"
"2590","284462.0"
"2591","285312.0"
"2592","285888.0"
"2593","286444.0"
"2594","287265.0"
"2595","287537.0"
"2596","287719.0"
"2597","287750.0"
"2598","287966.0"
"2599","288022.0"
"2600","288792.0"
"2601","289154.0"
"2602","289871.0"
"2603","290261.0"
"2604","290604.0"
"2605","290885.0"
"2606","291351.0"
"2607","291466.0"
"2608","291498.0"
"2609","291828.0"
"2610","292032.0"
"2611","292104.0"
"2612","292171.0"
"2613","292859.0"
"2614","293255.0"
"2615","293594.0"
"2616","294446.0"
"2617","294677.0"
"2618","295103.0"
"2619","296426.0"
"2620","296631.0"
"2621","296668.0"
"2622","296675.0"
"2623","297179.0"
"2624","297459.0"
"2625","297707.0"
"2626","298379.0"
"2627","298389.0"
"2628","298401.0"
"2629","298910.0"
"2630","299460.0"
"2631","299911.0"
"2632","300027.0"
"2633","300039.0"
"2634","300854.0"
"2635","301970.0"
"2636","302104.0"
"2637","302310.0"
"2638","302498.0"
"2639","302656.0"
"2640","302919.0"
"2641","302948.0"
"2642","303152.0"
"2643","303709.0"
"2644","303852.0"
"2645","304169.0"
"2646","304718.0"
"2647","305601.0"
"2648","306033.0"
"2649","306205.0"
"2650","306281.0"
"2651","306500.0"
"2652","307139.0"
"2653","307959.0"
"2654","308119.0"
"2655","308219.0"
"2656","308228.0"
"2657","308294.0"
"2658","308538.0"
"2659","308628.0"
"2660","308800.0"
"2661","309044.0"
"2662","309258.0"
"2663","310000.0"
"2664","310082.0"
"2665","310179.0"
"2666","310255.0"
"2667","310449.0"
"2668","310745.0"
"2669","310851.0"
"2670","311122.0"
"2671","311567.0"
"2672","311836.0"
"2673","312385.0"
"2674","313050.0"
"2675","313240.0"
"2676","313262.0"
"2677","313334.0"
"2678","313422.0"
"2679","313647.0"
"2680","314107.0"
"2681","314201.0"
"2682","315061.0"
"2683","315114.0"
"2684","315180.0"
"2685","315647.0"
"2686","316755.0"
"2687","317187.0"
"2688","317721.0"
"2689","318289.0"
"2690","318942.0"
"2691","319205.0"
"2692","319517.0"
"2693","319560.0"
"2694","319968.0"
"2695","320193.0"
"2696","321376.0"
"2697","321718.0"
"2698","322317.0"
"2699","322675.0"
"2700","322896.0"
"2701","323117.0"
"2702","323402.0"
"2703","323694.0"
"2704","323944.0"
"2705","325104.0"
"2706","325284.0"
"2707","325484.0"
"2708","325658.0"
"2709","325966.0"
"2710","326176.0"
"2711","326445.0"
"2712","326788.0"
"2713","327358.0"
"2714","327549.0"
"2715","327648.0"
"2716","327650.0"
"2717","327664.0"
"2718","327826.0"
"2719","328782.0"
"2720","329245.0"
"2721","329708.0"
"2722","330214.0"
"2723","330576.0"
"2724","330734.0"
"2725","330802.0"
"2726","331141.0"
"2727","331202.0"
"2728","331232.0"
"2729","331508.0"
"2730","331587.0"
"2731","331730.0"
"2732","331813.0"
"2733","331959.0"
"2734","332358.0"
"2735","332431.0"
"2736","332735.0"
"2737","332794.0"
"2738","333000.0"
"2739","333313.0"
"2740","333327.0"
"2741","333635.0"
"2742","333752.0"
"2743","333845.0"
"2744","333850.0"
"2745","334051.0"
"2746","334131.0"
"2747","334273.0"
"2748","334321.0"
"2749","334401.0"
"2750","334830.0"
"2751","334847.0"
"2752","335025.0"
"2753","335331.0"
"2754","335614.0"
"2755","335883.0"
"2756","336579.0"
"2757","336834.0"
"2758","337004.0"
"2759","337100.0"
"2760","337132.0"
"2761","337320.0"
"2762","337322.0"
"2763","337552.0"
"2764","337714.0"
"2765","337799.0"
"2766","338006.0"
"2767","338933.0"
"2768","339021.0"
"2769","339259.0"
"2770","339304.0"
"2771","339305.0"
"2772","339362.0"
"2773","339366.0"
"2774","339488.0"
"2775","339545.0"
"2776","339547.0"
"2777","339599.0"
"2778","339667.0"
"2779","339785.0"
"2780","339786.0"
"2781","339933.0"
"2782","340026.0"
"2783","340266.0"
"2784","344531.0"
"2785","346139.0"
"2786","346142.0"
"2787","346322.0"
"2788","346403.0"
"2789","346934.0"
"2790","347157.0"
"2791","347729.0"
"2792","347762.0"
"2793","347852.0"
"2794","348130.0"
"2795","348551.0"
"2796","348572.0"
"2797","348596.0"
"2798","348641.0"
"2799","348931.0"
"2800","348990.0"
"2801","349044.0"
"2802","349296.0"
"2803","349423.0"
"2804","349941.0"
"2805","350359.0"
"2806","350478.0"
"2807","350651.0"
"2808","350819.0"
"2809","351175.0"
"2810","351400.0"
"2811","351605.0"
"2812","351735.0"
"2813","351949.0"
"2814","351977.0"
"2815","352035.0"
"2816","352098.0"
"2817","352151.0"
"2818","352215.0"
"2819","352441.0"
"2820","352770.0"
"2821","353020.0"
"2822","353033.0"
"2823","353035.0"
"2824","353709.0"
"2825","354019.0"
"2826","354375.0"
"2827","355593.0"
"2828","355658.0"
"2829","355835.0"
"2830","356078.0"
"2831","356326.0"
"2832","356426.0"
"2833","356517.0"
"2834","356764.0"
"2835","357586.0"
"2836","358335.0"
"2837","358612.0"
"2838","358649.0"
"2839","358757.0"
"2840","358815.0"
"2841","358824.0"
"2842","358921.0"
"2843","359093.0"
"2844","359111.0"
"2845","359622.0"
"2846","360276.0"
"2847","360531.0"
"2848","360620.0"
"2849","360644.0"
"2850","361213.0"
"2851","361327.0"
"2852","361395.0"
"2853","361785.0"
"2854","362203.0"
"2855","362211.0"
"2856","362632.0"
"2857","363239.0"
"2858","363867.0"
"2859","364339.0"
"2860","364560.0"
"2861","364596.0"
"2862","364881.0"
"2863","365430.0"
"2864","365582.0"
"2865","365718.0"
"2866","365750.0"
"2867","366312.0"
"2868","366395.0"
"2869","366989.0"
"2870","367036.0"
"2871","367603.0"
"2872","367655.0"
"2873","368390.0"
"2874","368417.0"
"2875","369436.0"
"2876","369724.0"
"2877","370135.0"
"2878","370163.0"
"2879","370299.0"
"2880","370473.0"
"2881","370661.0"
"2882","371452.0"
"2883","372244.0"
"2884","372715.0"
"2885","373100.0"
"2886","373479.0"
"2887","373685.0"
"2888","373700.0"
"2889","373707.0"
"2890","373836.0"
"2891","374294.0"
"2892","374480.0"
"2893","374881.0"
"2894","375779.0"
"2895","375855.0"
"2896","375988.0"
"2897","376703.0"
"2898","377086.0"
"2899","377342.0"
"2900","377799.0"
"2901","378049.0"
"2902","378721.0"
"2903","378936.0"
"2904","379142.0"
"2905","379297.0"
"2906","379576.0"
"2907","379677.0"
"2908","379928.0"
"2909","380216.0"
"2910","380784.0"
"2911","381156.0"
"2912","381920.0"
"2913","382645.0"
"2914","383409.0"
"2915","384345.0"
"2916","384352.0"
"2917","384649.0"
"2918","385078.0"
"2919","385139.0"
"2920","385158.0"
"2921","385519.0"
"2922","385976.0"
"2923","386074.0"
"2924","386549.0"
"2925","386645.0"
"2926","387220.0"
"2927","387225.0"
"2928","387257.0"
"2929","387371.0"
"2930","387766.0"
"2931","387923.0"
"2932","388144.0"
"2933","388772.0"
"2934","389490.0"
"2935","389553.0"
"2936","389763.0"
"2937","392191.0"
"2938","393495.0"
"2939","394230.0"
"2940","394363.0"
"2941","394438.0"
"2942","394850.0"
"2943","395024.0"
"2944","395045.0"
"2945","395499.0"
"2946","395508.0"
"2947","395780.0"
"2948","396420.0"
"2949","397051.0"
"2950","397096.0"
"2951","397248.0"
"2952","397450.0"
"2953","398260.0"
"2954","398291.0"
"2955","398487.0"
"2956","400544.0"
"2957","401038.0"
"2958","401060.0"
"2959","401194.0"
"2960","401206.0"
"2961","401538.0"
"2962","401564.0"
"2963","402232.0"
"2964","402279.0"
"2965","402876.0"
"2966","402939.0"
"2967","403544.0"
"2968","403676.0"
"2969","403702.0"
"2970","404525.0"
"2971","404662.0"
"2972","405261.0"
"2973","405480.0"
"2974","405738.0"
"2975","405753.0"
"2976","405933.0"
"2977","405945.0"
"2978","406372.0"
"2979","407291.0"
"2980","407381.0"
"2981","407741.0"
"2982","407761.0"
"2983","407766.0"
"2984","408395.0"
"2985","408841.0"
"2986","408944.0"
"2987","409235.0"
"2988","409872.0"
"2989","410120.0"
"2990","410765.0"
"2991","411027.0"
"2992","411293.0"
"2993","411469.0"
"2994","411719.0"
"2995","411893.0"
"2996","412255.0"
"2997","412336.0"
"2998","412353.0"
"2999","412536.0"
"3000","412609.0"
"3001","412648.0"
"3002","412650.0"
"3003","412729.0"
"3004","413661.0"
"3005","413936.0"
"3006","414017.0"
"3007","414283.0"
"3008","414359.0"
"3009","414913.0"
"3010","415207.0"
"3011","415262.0"
"3012","415753.0"
"3013","416540.0"
"3014","417046.0"
"3015","417791.0"
"3016","417808.0"
"3017","419391.0"
"3018","419569.0"
"3019","420290.0"
"3020","420346.0"
"3021","420418.0"
"3022","420621.0"
"3023","420984.0"
"3024","422445.0"
"3025","423175.0"
"3026","424554.0"
"3027","424836.0"
"3028","424856.0"
"3029","425441.0"
"3030","427243.0"
"3031","427523.0"
"3032","428068.0"
"3033","428903.0"
"3034","428919.0"
"3035","429086.0"
"3036","429098.0"
"3037","429748.0"
"3038","430335.0"
"3039","430941.0"
"3040","431079.0"
"3041","431421.0"
"3042","431466.0"
"3043","431834.0"
"3044","432060.0"
"3045","434016.0"
"3046","434935.0"
"3047","434977.0"
"3048","435503.0"
"3049","436039.0"
"3050","436588.0"
"3051","437152.0"
"3052","437312.0"
"3053","439514.0"
"3054","439891.0"
"3055","441256.0"
"3056","441312.0"
"3057","441339.0"
"3058","442297.0"
"3059","443233.0"
"3060","443413.0"
"3061","443483.0"
"3062","444980.0"
"3063","445156.0"
"3064","445602.0"
"3065","445917.0"
"3066","446639.0"
"3067","446670.0"
"3068","447040.0"
"3069","447236.0"
"3070","447313.0"
"3071","447577.0"
"3072","447689.0"
"3073","448025.0"
"3074","448226.0"
"3075","448276.0"
"3076","448594.0"
"3077","448843.0"
"3078","450688.0"
"3079","450976.0"
"3080","451175.0"
"3081","454995.0"
"3082","455950.0"
"3083","456141.0"
"3084","457387.0"
"3085","458276.0"
"3086","459251.0"
"3087","459869.0"
"3088","460311.0"
"3089","460767.0"
"3090","460926.0"
"3091","461504.0"
"3092","462164.0"
"3093","467395.0"
"3094","467595.0"
"3095","469611.0"
"3096","469946.0"
"3097","471087.0"
"3098","471287.0"
"3099","472496.0"
"3100","472520.0"
"3101","473037.0"
"3102","473101.0"
"3103","473183.0"
"3104","473582.0"
"3105","473785.0"
"3106","474264.0"
"3107","478098.0"
"3108","478723.0"
"3109","479127.0"
"3110","480210.0"
"3111","480620.0"
"3112","481290.0"
"3113","482303.0"
"3114","482425.0"
"3115","483466.0"
"3116","484955.0"
"3117","487817.0"
"3118","488581.0"
"3119","488651.0"
"3120","489527.0"
"3121","490703.0"
"3122","490715.0"
"3123","490915.0"
"3124","490927.0"
"3125","490941.0"
"3126","491541.0"
"3127","491558.0"
"3128","492456.0"
"3129","492674.0"
"3130","492701.0"
"3131","492957.0"
"3132","493050.0"
"3133","493106.0"
"3134","493142.0"
"3135","493245.0"
"3136","493271.0"
"3137","493326.0"
"3138","493382.0"
"3139","493461.0"
"3140","493514.0"
"3141","493524.0"
"3142","493563.0"
"3143","493676.0"
"3144","493732.0"
"3145","493806.0"
"3146","493883.0"
"3147","493899.0"
"3148","494032.0"
"3149","494125.0"
"3150","494393.0"
"3151","494556.0"
"3152","494585.0"
"3153","494638.0"
"3154","494663.0"
"3155","494687.0"
"3156","494871.0"
"3157","494885.0"
"3158","494931.0"
"3159","495053.0"
"3160","495116.0"
"3161","495152.0"
"3162","495166.0"
"3163","495290.0"
"3164","495370.0"
"3165","495388.0"
"3166","495457.0"
"3167","495600.0"
"3168","495640.0"
"3169","495661.0"
"3170","495778.0"
"3171","495806.0"
"3172","495877.0"
"3173","495912.0"
"3174","495922.0"
"3175","496035.0"
"3176","496093.0"
"3177","496159.0"
"3178","496199.0"
"3179","496215.0"
"3180","496360.0"
"3181","496387.0"
"3182","496587.0"
"3183","496718.0"
"3184","496719.0"
"3185","497018.0"
"3186","497092.0"
"3187","497138.0"
"3188","497406.0"
"3189","497521.0"
"3190","497530.0"
"3191","497687.0"
"3192","497752.0"
"3193","497906.0"
"3194","498619.0"
"3195","498964.0"
"3196","499092.0"
"3197","499391.0"
"3198","499621.0"
"3199","499632.0"
"3200","499720.0"
"3201","499772.0"
"3202","499868.0"
"3203","499987.0"
"3204","500022.0"
"3205","500023.0"
"3206","500080.0"
"3207","500165.0"
"3208","500265.0"
"3209","500267.0"
"3210","500559.0"
"3211","500694.0"
"3212","500775.0"
"3213","500849.0"
"3214","501008.0"
"3215","501453.0"
"3216","501560.0"
"3217","501660.0"
"3218","501683.0"
"3219","501692.0"
"3220","501742.0"
"3221","501833.0"
"3222","501951.0"
"3223","502033.0"
"3224","502037.0"
"3225","502100.0"
"3226","502119.0"
"3227","502142.0"
"3228","502159.0"
"3229","502186.0"
"3230","502250.0"
"3231","502295.0"
"3232","502346.0"
"3233","502347.0"
"3234","502438.0"
"3235","502458.0"
"3236","502518.0"
"3237","502536.0"
"3238","502560.0"
"3239","502609.0"
"3240","502781.0"
"3241","502801.0"
"3242","502911.0"
"3243","502979.0"
"3244","503155.0"
"3245","503229.0"
"3246","503382.0"
"3247","503912.0"
"3248","504085.0"
"3249","504171.0"
"3250","504211.0"
"3251","504215.0"
"3252","504479.0"
"3253","504525.0"
"3254","504638.0"
"3255","504966.0"
"3256","504968.0"
"3257","505138.0"
"3258","505162.0"
"3259","505509.0"
"3260","505610.0"
"3261","505689.0"
"3262","505796.0"
"3263","505965.0"
"3264","506098.0"
"3265","506205.0"
"3266","506217.0"
"3267","506219.0"
"3268","506242.0"
"3269","506264.0"
"3270","506294.0"
"3271","506311.0"
"3272","506336.0"
"3273","506485.0"
"3274","506486.0"
"3275","506733.0"
"3276","506844.0"
"3277","506875.0"
"3278","506895.0"
"3279","506928.0"
"3280","507005.0"
"3281","507159.0"
"3282","507276.0"
"3283","507553.0"
"3284","507719.0"
"3285","507880.0"
"3286","508216.0"
"3287","508380.0"
"3288","508390.0"
"3289","508596.0"
"3290","508852.0"
"3291","508867.0"
"3292","509029.0"
"3293","509377.0"
"3294","509378.0"
"3295","509426.0"
"3296","509433.0"
"3297","509518.0"
"3298","509775.0"
"3299","509808.0"
"3300","509882.0"
"3301","509924.0"
"3302","510190.0"
"3303","510291.0"
"3304","510310.0"
"3305","510392.0"
"3306","510549.0"
"3307","510638.0"
"3308","510720.0"
"3309","510777.0"
"3310","510824.0"
"3311","510867.0"
"3312","510930.0"
"3313","510945.0"
"3314","511227.0"
"3315","511282.0"
"3316","511348.0"
"3317","511368.0"
"3318","511685.0"
"3319","511832.0"
"3320","511864.0"
"3321","512111.0"
"3322","512227.0"
"3323","512308.0"
"3324","512318.0"
"3325","512679.0"
"3326","512939.0"
"3327","513132.0"
"3328","513241.0"
"3329","513358.0"
"3330","513375.0"
"3331","513377.0"
"3332","513586.0"
"3333","513682.0"
"3334","513816.0"
"3335","513876.0"
"3336","513882.0"
"3337","513951.0"
"3338","514036.0"
"3339","514096.0"
"3340","514240.0"
"3341","514375.0"
"3342","514377.0"
"3343","514400.0"
"3344","514459.0"
"3345","514497.0"
"3346","514749.0"
"3347","514752.0"
"3348","515173.0"
"3349","515575.0"
"3350","515621.0"
"3351","516476.0"
"3352","516527.0"
"3353","516610.0"
"3354","516771.0"
"3355","516786.0"
"3356","516808.0"
"3357","516922.0"
"3358","516966.0"
"3359","516974.0"
"3360","517060.0"
"3361","517192.0"
"3362","517412.0"
"3363","517425.0"
"3364","517444.0"
"3365","517516.0"
"3366","517757.0"
"3367","517973.0"
"3368","518029.0"
"3369","518131.0"
"3370","518137.0"
"3371","518259.0"
"3372","518463.0"
"3373","518584.0"
"3374","518633.0"
"3375","518699.0"
"3376","518720.0"
"3377","518840.0"
"3378","518862.0"
"3379","518942.0"
"3380","519007.0"
"3381","519156.0"
"3382","519162.0"
"3383","519233.0"
"3384","519300.0"
"3385","519420.0"
"3386","519455.0"
"3387","519464.0"
"3388","519495.0"
"3389","519506.0"
"3390","519778.0"
"3391","519981.0"
"3392","520247.0"
"3393","520255.0"
"3394","520377.0"
"3395","520455.0"
"3396","520466.0"
"3397","520490.0"
"3398","520495.0"
"3399","520681.0"
"3400","520740.0"
"3401","520760.0"
"3402","520884.0"
"3403","521814.0"
"3404","521846.0"
"3405","522587.0"
"3406","522664.0"
"3407","522926.0"
"3408","522927.0"
"3409","522983.0"
"3410","523034.0"
"3411","523226.0"
"3412","523518.0"
"3413","523542.0"
"3414","523800.0"
"3415","524055.0"
"3416","524160.0"
"3417","524227.0"
"3418","524278.0"
"3419","524332.0"
"3420","524398.0"
"3421","524454.0"
"3422","524495.0"
"3423","524806.0"
"3424","524977.0"
"3425","525076.0"
"3426","525199.0"
"3427","525246.0"
"3428","525334.0"
"3429","525346.0"
"3430","525420.0"
"3431","525430.0"
"3432","525474.0"
"3433","525507.0"
"3434","525593.0"
"3435","525595.0"
"3436","525620.0"
"3437","525660.0"
"3438","525900.0"
"3439","525948.0"
"3440","525977.0"
"3441","525991.0"
"3442","526095.0"
"3443","526166.0"
"3444","526181.0"
"3445","526315.0"
"3446","526630.0"
"3447","526667.0"
"3448","526875.0"
"3449","527025.0"
"3450","527184.0"
"3451","527246.0"
"3452","527296.0"
"3453","527472.0"
"3454","527537.0"
"3455","527570.0"
"3456","527767.0"
"3457","527926.0"
"3458","527943.0"
"3459","527944.0"
"3460","527972.0"
"3461","528013.0"
"3462","528047.0"
"3463","528103.0"
"3464","528153.0"
"3465","528217.0"
"3466","528222.0"
"3467","528229.0"
"3468","528265.0"
"3469","528458.0"
"3470","528652.0"
"3471","528776.0"
"3472","528929.0"
"3473","528990.0"
"3474","529076.0"
"3475","529101.0"
"3476","529123.0"
"3477","529131.0"
"3478","529240.0"
"3479","529427.0"
"3480","529437.0"
"3481","529561.0"
"3482","529587.0"
"3483","529728.0"
"3484","529738.0"
"3485","529810.0"
"3486","530056.0"
"3487","530094.0"
"3488","530110.0"
"3489","530143.0"
"3490","530168.0"
"3491","530179.0"
"3492","530182.0"
"3493","530398.0"
"3494","530418.0"
"3495","530481.0"
"3496","530757.0"
"3497","530758.0"
"3498","530761.0"
"3499","530817.0"
"3500","530822.0"
"3501","530955.0"
"3502","531032.0"
"3503","531069.0"
"3504","531228.0"
"3505","531347.0"
"3506","531352.0"
"3507","531395.0"
"3508","531436.0"
"3509","531490.0"
"3510","531500.0"
"3511","531569.0"
"3512","531679.0"
"3513","531702.0"
"3514","531779.0"
"3515","531917.0"
"3516","532095.0"
"3517","532134.0"
"3518","532148.0"
"3519","532269.0"
"3520","532274.0"
"3521","532305.0"
"3522","532347.0"
"3523","532453.0"
"3524","532732.0"
"3525","532770.0"
"3526","532774.0"
"3527","532889.0"
"3528","532895.0"
"3529","532953.0"
"3530","533018.0"
"3531","533019.0"
"3532","533032.0"
"3533","533255.0"
"3534","533421.0"
"3535","533548.0"
"3536","533892.0"
"3537","533923.0"
"3538","533925.0"
"3539","533966.0"
"3540","534066.0"
"3541","534154.0"
"3542","534189.0"
"3543","534196.0"
"3544","534290.0"
"3545","534331.0"
"3546","534401.0"
"3547","534429.0"
"3548","534435.0"
"3549","534482.0"
"3550","534610.0"
"3551","534701.0"
"3552","534729.0"
"3553","534788.0"
"3554","534872.0"
"3555","534890.0"
"3556","534914.0"
"3557","535042.0"
"3558","535139.0"
"3559","535262.0"
"3560","535690.0"
"3561","536014.0"
"3562","536223.0"
"3563","536304.0"
"3564","536343.0"
"3565","536412.0"
"3566","536463.0"
"3567","536539.0"
"3568","536681.0"
"3569","536789.0"
"3570","536906.0"
"3571","536909.0"
"3572","537219.0"
"3573","537248.0"
"3574","537538.0"
"3575","537678.0"
"3576","537813.0"
"3577","537838.0"
"3578","537892.0"
"3579","537911.0"
"3580","538385.0"
"3581","538942.0"
"3582","539043.0"
"3583","539842.0"
"3584","539859.0"
"3585","540193.0"
"3586","540688.0"
"3587","540775.0"
"3588","540886.0"
"3589","541005.0"
"3590","541313.0"
"3591","541798.0"
"3592","541919.0"
"3593","541939.0"
"3594","542025.0"
"3595","542423.0"
"3596","542630.0"
"3597","542980.0"
"3598","543304.0"
"3599","543492.0"
"3600","543510.0"
"3601","543537.0"
"3602","543696.0"
"3603","543881.0"
"3604","544065.0"
"3605","544164.0"
"3606","544250.0"
"3607","544421.0"
"3608","544430.0"
"3609","544527.0"
"3610","544764.0"
"3611","544807.0"
"3612","544909.0"
"3613","544945.0"
"3614","544960.0"
"3615","544966.0"
"3616","545182.0"
"3617","545516.0"
"3618","545861.0"
"3619","545874.0"
"3620","546000.0"
"3621","546236.0"
"3622","546362.0"
"3623","546398.0"
"3624","546461.0"
"3625","546631.0"
"3626","546845.0"
"3627","546919.0"
"3628","547110.0"
"3629","547654.0"
"3630","547835.0"
"3631","547903.0"
"3632","548205.0"
"3633","548314.0"
"3634","548454.0"
"3635","548544.0"
"3636","549170.0"
"3637","549210.0"
"3638","549334.0"
"3639","549529.0"
"3640","549656.0"
"3641","549678.0"
"3642","549756.0"
"3643","549884.0"
"3644","549976.0"
"3645","550001.0"
"3646","550098.0"
"3647","550132.0"
"3648","550208.0"
"3649","550210.0"
"3650","550245.0"
"3651","550251.0"
"3652","550255.0"
"3653","550260.0"
"3654","550308.0"
"3655","550688.0"
"3656","550851.0"
"3657","551200.0"
"3658","551271.0"
"3659","551605.0"
"3660","551800.0"
"3661","554504.0"
"3662","555276.0"
"3663","555852.0"
"3664","556467.0"
"3665","557435.0"
"3666","559679.0"
"3667","559768.0"
"3668","561341.0"
"3669","561576.0"
"3670","561623.0"
"3671","561786.0"
"3672","562466.0"
"3673","564552.0"
"3674","564942.0"
"3675","564954.0"
"3676","566156.0"
"3677","566521.0"
"3678","567024.0"
"3679","567053.0"
"3680","567891.0"
"3681","568204.0"
"3682","568698.0"
"3683","568840.0"
"3684","569047.0"
"3685","570053.0"
"3686","570609.0"
"3687","573155.0"
"3688","575573.0"
"3689","576335.0"
"3690","576798.0"
"3691","576865.0"
"3692","576878.0"
"3693","580146.0"
"3694","580954.0"
"3695","584207.0"
"3696","585699.0"
"3697","586997.0"
"3698","587555.0"
"3699","589021.0"
"3700","589062.0"
"3701","589650.0"
"3702","594886.0"
"3703","595183.0"
"3704","595419.0"
"3705","595679.0"
"3706","597428.0"
"3707","598402.0"
"3708","599688.0"
"3709","614199.0"
"3710","615477.0"
"3711","629209.0"
"3712","631275.0"
"3713","632716.0"
"3714","642204.0"
"3715","643496.0"
"3716","656337.0"
"3717","659755.0"
"3718","665127.0"
