"","clusters","index"
"24635.0","0","24635.0"
"9844.0","1","9844.0"
"25853.0","0","25853.0"
"1190.0","0","1190.0"
"9100.0","1","9100.0"
"42968.0","0","42968.0"
"499868.0","0","499868.0"
"6951.0","0","6951.0"
"1186.0","0","1186.0"
"4732.0","0","4732.0"
"522587.0","0","522587.0"
"493514.0","0","493514.0"
"513241.0","0","513241.0"
"523518.0","0","523518.0"
"40305.0","0","40305.0"
"21762.0","0","21762.0"
"7048.0","0","7048.0"
"41160.0","0","41160.0"
"45579.0","0","45579.0"
"520490.0","0","520490.0"
"24495.0","0","24495.0"
"10780.0","0","10780.0"
"25198.0","1","25198.0"
"40670.0","0","40670.0"
"340.0","1","340.0"
"27.0","0","27.0"
"26926.0","0","26926.0"
"9196.0","0","9196.0"
"513882.0","0","513882.0"
"1888.0","0","1888.0"
"531490.0","0","531490.0"
"516922.0","0","516922.0"
"494125.0","0","494125.0"
"515575.0","0","515575.0"
"514497.0","0","514497.0"
"9025.0","1","9025.0"
"21806.0","0","21806.0"
"2084.0","0","2084.0"
"1626.0","0","1626.0"
"17941.0","0","17941.0"
"504968.0","0","504968.0"
"22514.0","0","22514.0"
"531679.0","0","531679.0"
"41901.0","0","41901.0"
"2540.0","0","2540.0"
"13243.0","0","13243.0"
"42303.0","0","42303.0"
"16697.0","0","16697.0"
"17887.0","0","17887.0"
"6103.0","1","6103.0"
"27421.0","0","27421.0"
"6244.0","0","6244.0"
"522664.0","0","522664.0"
"8186.0","0","8186.0"
"9054.0","0","9054.0"
"550308.0","0","550308.0"
"17963.0","0","17963.0"
"5553.0","0","5553.0"
"40452.0","0","40452.0"
"538942.0","0","538942.0"
"506264.0","0","506264.0"
"13254.0","0","13254.0"
"9715.0","0","9715.0"
"36995.0","0","36995.0"
"9718.0","0","9718.0"
"26210.0","0","26210.0"
"37998.0","0","37998.0"
"36538.0","0","36538.0"
"537219.0","0","537219.0"
"531228.0","0","531228.0"
"46590.0","0","46590.0"
"1804.0","0","1804.0"
"36494.0","0","36494.0"
"7386.0","0","7386.0"
"43814.0","0","43814.0"
"4560.0","0","4560.0"
"13438.0","0","13438.0"
"2519.0","0","2519.0"
"42283.0","0","42283.0"
"43632.0","0","43632.0"
"13611.0","0","13611.0"
"20975.0","0","20975.0"
"15963.0","0","15963.0"
"508852.0","0","508852.0"
"516771.0","0","516771.0"
"44858.0","0","44858.0"
"22796.0","0","22796.0"
"12553.0","1","12553.0"
"868.0","0","868.0"
"38964.0","0","38964.0"
"6894.0","0","6894.0"
"1353.0","0","1353.0"
"44596.0","0","44596.0"
"40036.0","0","40036.0"
"1038.0","0","1038.0"
"6631.0","0","6631.0"
"525346.0","0","525346.0"
"8942.0","0","8942.0"
"4611.0","0","4611.0"
"12908.0","0","12908.0"
"16001.0","0","16001.0"
"9855.0","0","9855.0"
"42781.0","0","42781.0"
"530110.0","0","530110.0"
"20683.0","0","20683.0"
"835.0","0","835.0"
"18494.0","0","18494.0"
"25964.0","0","25964.0"
"1645.0","0","1645.0"
"36861.0","0","36861.0"
"536789.0","0","536789.0"
"10913.0","0","10913.0"
"14581.0","0","14581.0"
"2233.0","0","2233.0"
"512308.0","0","512308.0"
"525900.0","0","525900.0"
"8530.0","0","8530.0"
"8307.0","0","8307.0"
"6905.0","0","6905.0"
"17398.0","0","17398.0"
"51893.0","0","51893.0"
"14959.0","0","14959.0"
"41569.0","0","41569.0"
"42411.0","0","42411.0"
"1874.0","0","1874.0"
"23955.0","0","23955.0"
"16720.0","0","16720.0"
"9412.0","0","9412.0"
"37282.0","0","37282.0"
"829.0","0","829.0"
"28668.0","0","28668.0"
"6677.0","0","6677.0"
"20445.0","0","20445.0"
"41271.0","0","41271.0"
"24357.0","0","24357.0"
"19790.0","0","19790.0"
"9197.0","0","9197.0"
"380.0","0","380.0"
"18831.0","0","18831.0"
"39795.0","0","39795.0"
"10879.0","0","10879.0"
"24582.0","0","24582.0"
"37418.0","0","37418.0"
"18587.0","0","18587.0"
"539043.0","0","539043.0"
"9227.0","0","9227.0"
"502518.0","0","502518.0"
"5814.0","1","5814.0"
"11168.0","0","11168.0"
"15165.0","0","15165.0"
"42629.0","0","42629.0"
"6149.0","0","6149.0"
"11103.0","0","11103.0"
"20125.0","0","20125.0"
"11061.0","0","11061.0"
"16909.0","0","16909.0"
"44330.0","0","44330.0"
"12753.0","0","12753.0"
"1596.0","0","1596.0"
"36431.0","0","36431.0"
"54712.0","0","54712.0"
"13012.0","0","13012.0"
"14363.0","0","14363.0"
"36949.0","0","36949.0"
"542423.0","0","542423.0"
"507005.0","0","507005.0"
"17971.0","0","17971.0"
"22928.0","0","22928.0"
"11002.0","0","11002.0"
"18032.0","0","18032.0"
"13986.0","0","13986.0"
"19169.0","0","19169.0"
"37408.0","0","37408.0"
"17880.0","0","17880.0"
"17712.0","0","17712.0"
"20405.0","0","20405.0"
"366.0","0","366.0"
"19924.0","0","19924.0"
"14964.0","0","14964.0"
"16007.0","0","16007.0"
"26219.0","0","26219.0"
"16786.0","0","16786.0"
"45632.0","0","45632.0"
"11034.0","0","11034.0"
"18562.0","0","18562.0"
"18534.0","0","18534.0"
"38904.0","0","38904.0"
"24518.0","0","24518.0"
"8744.0","0","8744.0"
"2487.0","0","2487.0"
"528929.0","0","528929.0"
"26218.0","0","26218.0"
"19249.0","0","19249.0"
"5647.0","0","5647.0"
"85.0","0","85.0"
"10947.0","0","10947.0"
"1520.0","0","1520.0"
"13118.0","0","13118.0"
"19607.0","0","19607.0"
"17962.0","0","17962.0"
"1624.0","0","1624.0"
"15162.0","0","15162.0"
"12960.0","0","12960.0"
"7130.0","0","7130.0"
"2315.0","0","2315.0"
"704.0","0","704.0"
"16613.0","0","16613.0"
"11206.0","0","11206.0"
"15946.0","0","15946.0"
"17931.0","0","17931.0"
"15786.0","0","15786.0"
"1319.0","0","1319.0"
"19056.0","0","19056.0"
"6227.0","0","6227.0"
"14095.0","0","14095.0"
"18056.0","0","18056.0"
"27324.0","0","27324.0"
"4486.0","0","4486.0"
"26892.0","0","26892.0"
"7173.0","0","7173.0"
"5755.0","0","5755.0"
"6040.0","0","6040.0"
"23424.0","0","23424.0"
"25956.0","0","25956.0"
"44869.0","0","44869.0"
"9264.0","0","9264.0"
"229677.0","0","229677.0"
"494393.0","0","494393.0"
"25580.0","0","25580.0"
"7234.0","0","7234.0"
"24634.0","0","24634.0"
"16815.0","0","16815.0"
"7237.0","0","7237.0"
"41912.0","0","41912.0"
"53388.0","0","53388.0"
"53521.0","0","53521.0"
"379576.0","0","379576.0"
"22187.0","0","22187.0"
"24493.0","0","24493.0"
"16823.0","0","16823.0"
"21383.0","0","21383.0"
"10969.0","0","10969.0"
"17401.0","0","17401.0"
"50001.0","0","50001.0"
"18668.0","0","18668.0"
"16126.0","0","16126.0"
"16235.0","0","16235.0"
"15639.0","0","15639.0"
"5511.0","0","5511.0"
"16631.0","0","16631.0"
"81219.0","0","81219.0"
"473101.0","0","473101.0"
"51338.0","0","51338.0"
"51393.0","0","51393.0"
"13530.0","0","13530.0"
"51657.0","0","51657.0"
"52319.0","0","52319.0"
"24445.0","0","24445.0"
"9423.0","0","9423.0"
"5542.0","0","5542.0"
"27111.0","0","27111.0"
"26005.0","0","26005.0"
"63842.0","0","63842.0"
"227889.0","0","227889.0"
"76621.0","0","76621.0"
"15594.0","0","15594.0"
"80865.0","0","80865.0"
"82467.0","0","82467.0"
"83766.0","0","83766.0"
"228212.0","0","228212.0"
"16611.0","0","16611.0"
"97160.0","0","97160.0"
"76090.0","0","76090.0"
"982.0","0","982.0"
"497521.0","0","497521.0"
"228281.0","0","228281.0"
"241115.0","0","241115.0"
"339021.0","0","339021.0"
"240807.0","0","240807.0"
"250664.0","0","250664.0"
"259304.0","0","259304.0"
"22316.0","0","22316.0"
"542630.0","0","542630.0"
"249891.0","0","249891.0"
"298910.0","0","298910.0"
"26965.0","0","26965.0"
"319968.0","0","319968.0"
"322675.0","0","322675.0"
"330734.0","0","330734.0"
"333845.0","0","333845.0"
"334321.0","0","334321.0"
"20371.0","0","20371.0"
"337552.0","0","337552.0"
"355593.0","0","355593.0"
"356326.0","0","356326.0"
"357586.0","0","357586.0"
"358824.0","0","358824.0"
"333327.0","0","333327.0"
"384352.0","0","384352.0"
"18229.0","0","18229.0"
"404662.0","0","404662.0"
"409235.0","0","409235.0"
"368417.0","0","368417.0"
"442297.0","0","442297.0"
"255621.0","0","255621.0"
"22929.0","0","22929.0"
"458276.0","0","458276.0"
"460926.0","0","460926.0"
"461504.0","0","461504.0"
"469611.0","0","469611.0"
"488651.0","0","488651.0"
"557435.0","0","557435.0"
"403702.0","0","403702.0"
"567891.0","0","567891.0"
"576335.0","0","576335.0"
"595183.0","0","595183.0"
"595419.0","0","595419.0"
"595679.0","0","595679.0"
"17466.0","0","17466.0"
"9840.0","1","9840.0"
"536681.0","0","536681.0"
"495922.0","0","495922.0"
"526630.0","0","526630.0"
"545516.0","0","545516.0"
"36423.0","0","36423.0"
"44627.0","0","44627.0"
"519506.0","0","519506.0"
"533255.0","0","533255.0"
"546845.0","0","546845.0"
"36357.0","0","36357.0"
"544764.0","0","544764.0"
"10371.0","0","10371.0"
"17586.0","0","17586.0"
"43680.0","0","43680.0"
"10723.0","0","10723.0"
"513682.0","0","513682.0"
"499772.0","0","499772.0"
"14956.0","0","14956.0"
"510930.0","0","510930.0"
"514036.0","0","514036.0"
"526166.0","0","526166.0"
"42295.0","0","42295.0"
"17627.0","0","17627.0"
"39591.0","0","39591.0"
"524055.0","0","524055.0"
"529810.0","0","529810.0"
"504638.0","0","504638.0"
"529123.0","0","529123.0"
"525660.0","0","525660.0"
"496199.0","0","496199.0"
"531917.0","0","531917.0"
"514240.0","0","514240.0"
"45536.0","1","45536.0"
"511282.0","0","511282.0"
"549884.0","0","549884.0"
"43301.0","0","43301.0"
"39645.0","0","39645.0"
"543304.0","0","543304.0"
"502119.0","0","502119.0"
"40339.0","0","40339.0"
"42267.0","0","42267.0"
"40259.0","0","40259.0"
"536412.0","0","536412.0"
"514752.0","0","514752.0"
"39312.0","0","39312.0"
"496387.0","0","496387.0"
"534914.0","0","534914.0"
"501742.0","0","501742.0"
"514096.0","0","514096.0"
"537911.0","0","537911.0"
"541939.0","0","541939.0"
"541313.0","0","541313.0"
"40761.0","0","40761.0"
"523226.0","0","523226.0"
"42123.0","0","42123.0"
"14030.0","0","14030.0"
"24117.0","0","24117.0"
"1256.0","0","1256.0"
"40342.0","0","40342.0"
"530168.0","0","530168.0"
"550260.0","0","550260.0"
"510310.0","0","510310.0"
"495053.0","0","495053.0"
"518131.0","0","518131.0"
"15996.0","0","15996.0"
"539859.0","0","539859.0"
"549170.0","0","549170.0"
"12749.0","0","12749.0"
"42213.0","0","42213.0"
"502911.0","0","502911.0"
"536539.0","0","536539.0"
"484.0","0","484.0"
"495388.0","0","495388.0"
"42733.0","0","42733.0"
"2452.0","0","2452.0"
"516476.0","0","516476.0"
"45048.0","0","45048.0"
"516966.0","0","516966.0"
"537538.0","0","537538.0"
"509924.0","0","509924.0"
"533966.0","0","533966.0"
"550001.0","0","550001.0"
"502347.0","0","502347.0"
"500694.0","0","500694.0"
"21759.0","0","21759.0"
"496035.0","0","496035.0"
"339304.0","0","339304.0"
"503229.0","0","503229.0"
"533548.0","0","533548.0"
"551271.0","0","551271.0"
"1471.0","1","1471.0"
"492701.0","0","492701.0"
"1713.0","0","1713.0"
"543537.0","0","543537.0"
"544909.0","0","544909.0"
"516610.0","0","516610.0"
"502346.0","0","502346.0"
"551200.0","0","551200.0"
"36388.0","0","36388.0"
"19254.0","0","19254.0"
"492957.0","0","492957.0"
"513377.0","0","513377.0"
"424.0","1","424.0"
"670.0","0","670.0"
"508596.0","0","508596.0"
"502781.0","0","502781.0"
"501692.0","0","501692.0"
"514400.0","0","514400.0"
"534788.0","0","534788.0"
"530418.0","0","530418.0"
"6978.0","0","6978.0"
"444.0","0","444.0"
"42490.0","0","42490.0"
"536463.0","0","536463.0"
"510291.0","0","510291.0"
"9011.0","0","9011.0"
"496093.0","0","496093.0"
"496587.0","0","496587.0"
"373700.0","0","373700.0"
"8329.0","1","8329.0"
"497092.0","0","497092.0"
"36437.0","0","36437.0"
"10728.0","0","10728.0"
"517757.0","0","517757.0"
"19105.0","0","19105.0"
"3883.0","0","3883.0"
"524977.0","0","524977.0"
"506242.0","0","506242.0"
"16699.0","0","16699.0"
"25788.0","0","25788.0"
"16818.0","0","16818.0"
"39967.0","0","39967.0"
"518137.0","0","518137.0"
"533925.0","0","533925.0"
"185287.0","0","185287.0"
"527926.0","0","527926.0"
"6635.0","1","6635.0"
"534331.0","0","534331.0"
"25059.0","0","25059.0"
"505138.0","0","505138.0"
"531436.0","0","531436.0"
"493524.0","0","493524.0"
"520760.0","0","520760.0"
"528990.0","0","528990.0"
"532134.0","0","532134.0"
"525334.0","0","525334.0"
"21763.0","0","21763.0"
"536909.0","0","536909.0"
"527972.0","0","527972.0"
"509377.0","0","509377.0"
"10238.0","0","10238.0"
"495912.0","0","495912.0"
"506311.0","0","506311.0"
"7153.0","1","7153.0"
"530481.0","0","530481.0"
"10085.0","0","10085.0"
"40334.0","0","40334.0"
"42042.0","0","42042.0"
"530758.0","0","530758.0"
"537.0","0","537.0"
"17876.0","0","17876.0"
"270874.0","0","270874.0"
"14587.0","0","14587.0"
"534429.0","0","534429.0"
"9694.0","0","9694.0"
"231221.0","0","231221.0"
"6205.0","0","6205.0"
"9250.0","0","9250.0"
"1982.0","0","1982.0"
"15960.0","0","15960.0"
"500080.0","0","500080.0"
"40948.0","0","40948.0"
"548205.0","0","548205.0"
"500265.0","0","500265.0"
"312.0","0","312.0"
"43033.0","0","43033.0"
"17944.0","0","17944.0"
"1838.0","0","1838.0"
"364.0","1","364.0"
"496159.0","0","496159.0"
"16828.0","0","16828.0"
"35375.0","0","35375.0"
"530143.0","0","530143.0"
"1834.0","0","1834.0"
"12573.0","0","12573.0"
"501660.0","0","501660.0"
"16639.0","0","16639.0"
"537838.0","0","537838.0"
"506219.0","0","506219.0"
"548454.0","0","548454.0"
"36785.0","0","36785.0"
"518862.0","0","518862.0"
"12538.0","0","12538.0"
"2292.0","0","2292.0"
"997.0","0","997.0"
"521814.0","0","521814.0"
"530757.0","0","530757.0"
"506733.0","0","506733.0"
"40366.0","0","40366.0"
"536343.0","0","536343.0"
"10287.0","0","10287.0"
"47732.0","0","47732.0"
"500267.0","0","500267.0"
"4616.0","0","4616.0"
"41125.0","0","41125.0"
"7009.0","0","7009.0"
"10937.0","0","10937.0"
"37314.0","0","37314.0"
"8880.0","0","8880.0"
"510392.0","0","510392.0"
"19103.0","0","19103.0"
"38382.0","0","38382.0"
"37239.0","0","37239.0"
"519464.0","0","519464.0"
"10871.0","0","10871.0"
"8873.0","0","8873.0"
"1216.0","0","1216.0"
"502458.0","0","502458.0"
"528217.0","0","528217.0"
"46159.0","0","46159.0"
"507159.0","0","507159.0"
"16776.0","0","16776.0"
"510549.0","0","510549.0"
"39352.0","0","39352.0"
"7229.0","1","7229.0"
"17851.0","0","17851.0"
"6947.0","0","6947.0"
"6678.0","0","6678.0"
"4769.0","0","4769.0"
"5225.0","0","5225.0"
"541798.0","0","541798.0"
"8279.0","1","8279.0"
"42487.0","0","42487.0"
"6906.0","0","6906.0"
"17934.0","0","17934.0"
"12539.0","0","12539.0"
"6762.0","1","6762.0"
"536223.0","0","536223.0"
"3926.0","0","3926.0"
"531352.0","0","531352.0"
"16184.0","0","16184.0"
"22022.0","0","22022.0"
"85848.0","0","85848.0"
"36988.0","0","36988.0"
"516974.0","0","516974.0"
"42792.0","0","42792.0"
"1721.0","0","1721.0"
"81763.0","0","81763.0"
"225878.0","0","225878.0"
"27697.0","0","27697.0"
"540193.0","0","540193.0"
"502801.0","0","502801.0"
"8621.0","0","8621.0"
"26938.0","0","26938.0"
"38557.0","0","38557.0"
"16003.0","0","16003.0"
"24182.0","0","24182.0"
"511227.0","0","511227.0"
"14963.0","1","14963.0"
"35735.0","0","35735.0"
"495877.0","0","495877.0"
"501453.0","0","501453.0"
"4844.0","0","4844.0"
"528652.0","0","528652.0"
"495166.0","0","495166.0"
"17979.0","0","17979.0"
"18037.0","0","18037.0"
"504211.0","0","504211.0"
"459.0","0","459.0"
"9244.0","0","9244.0"
"20583.0","0","20583.0"
"17868.0","0","17868.0"
"8669.0","0","8669.0"
"18755.0","0","18755.0"
"9336.0","0","9336.0"
"495290.0","0","495290.0"
"17894.0","0","17894.0"
"4444.0","0","4444.0"
"21570.0","0","21570.0"
"43074.0","0","43074.0"
"17897.0","0","17897.0"
"39126.0","0","39126.0"
"21769.0","0","21769.0"
"37262.0","0","37262.0"
"17860.0","0","17860.0"
"12708.0","0","12708.0"
"532453.0","0","532453.0"
"527.0","0","527.0"
"14335.0","0","14335.0"
"12467.0","0","12467.0"
"12591.0","0","12591.0"
"12890.0","0","12890.0"
"36997.0","0","36997.0"
"8225.0","0","8225.0"
"11077.0","0","11077.0"
"16598.0","0","16598.0"
"524278.0","0","524278.0"
"8325.0","0","8325.0"
"12542.0","0","12542.0"
"7138.0","0","7138.0"
"9219.0","0","9219.0"
"26257.0","0","26257.0"
"17877.0","0","17877.0"
"40527.0","0","40527.0"
"15972.0","0","15972.0"
"17416.0","0","17416.0"
"6997.0","0","6997.0"
"18487.0","0","18487.0"
"17899.0","0","17899.0"
"23634.0","0","23634.0"
"94834.0","0","94834.0"
"17891.0","0","17891.0"
"11203.0","0","11203.0"
"5443.0","0","5443.0"
"16581.0","0","16581.0"
"493563.0","0","493563.0"
"2493.0","0","2493.0"
"52662.0","0","52662.0"
"17863.0","0","17863.0"
"17986.0","0","17986.0"
"18470.0","0","18470.0"
"17856.0","0","17856.0"
"17853.0","0","17853.0"
"17168.0","0","17168.0"
"50354.0","0","50354.0"
"17981.0","0","17981.0"
"502159.0","0","502159.0"
"17951.0","0","17951.0"
"8759.0","0","8759.0"
"21157.0","0","21157.0"
"13223.0","0","13223.0"
"17938.0","0","17938.0"
"18011.0","0","18011.0"
"14349.0","0","14349.0"
"746.0","0","746.0"
"5807.0","0","5807.0"
"17930.0","0","17930.0"
"12778.0","0","12778.0"
"18577.0","0","18577.0"
"14588.0","0","14588.0"
"17984.0","0","17984.0"
"231313.0","0","231313.0"
"557.0","0","557.0"
"43694.0","0","43694.0"
"18096.0","0","18096.0"
"47199.0","0","47199.0"
"85623.0","0","85623.0"
"17987.0","0","17987.0"
"42091.0","0","42091.0"
"18296.0","0","18296.0"
"73911.0","0","73911.0"
"45378.0","0","45378.0"
"45406.0","0","45406.0"
"39944.0","0","39944.0"
"44688.0","0","44688.0"
"24399.0","0","24399.0"
"35743.0","0","35743.0"
"14211.0","0","14211.0"
"42723.0","0","42723.0"
"18566.0","0","18566.0"
"18041.0","0","18041.0"
"19514.0","0","19514.0"
"3830.0","0","3830.0"
"17402.0","0","17402.0"
"14228.0","0","14228.0"
"10861.0","0","10861.0"
"12540.0","0","12540.0"
"40340.0","0","40340.0"
"25594.0","0","25594.0"
"10366.0","0","10366.0"
"6928.0","0","6928.0"
"47414.0","0","47414.0"
"225812.0","0","225812.0"
"52316.0","0","52316.0"
"13133.0","0","13133.0"
"10876.0","0","10876.0"
"25311.0","0","25311.0"
"24498.0","0","24498.0"
"226574.0","0","226574.0"
"22018.0","0","22018.0"
"11069.0","0","11069.0"
"7118.0","0","7118.0"
"36702.0","0","36702.0"
"11300.0","0","11300.0"
"59520.0","0","59520.0"
"38835.0","0","38835.0"
"49191.0","0","49191.0"
"11152.0","0","11152.0"
"9130.0","0","9130.0"
"50967.0","0","50967.0"
"18777.0","0","18777.0"
"16130.0","0","16130.0"
"13295.0","0","13295.0"
"28050.0","0","28050.0"
"48287.0","0","48287.0"
"13607.0","0","13607.0"
"9449.0","0","9449.0"
"25967.0","0","25967.0"
"413.0","0","413.0"
"17510.0","0","17510.0"
"76064.0","0","76064.0"
"14090.0","0","14090.0"
"59223.0","0","59223.0"
"16155.0","0","16155.0"
"77703.0","0","77703.0"
"21387.0","1","21387.0"
"21422.0","0","21422.0"
"11055.0","0","11055.0"
"24891.0","0","24891.0"
"18066.0","0","18066.0"
"76590.0","0","76590.0"
"64015.0","0","64015.0"
"47192.0","0","47192.0"
"20122.0","0","20122.0"
"49892.0","0","49892.0"
"17922.0","0","17922.0"
"93829.0","0","93829.0"
"366989.0","0","366989.0"
"1681.0","0","1681.0"
"49921.0","0","49921.0"
"17862.0","0","17862.0"
"27718.0","0","27718.0"
"424554.0","0","424554.0"
"17967.0","0","17967.0"
"28387.0","0","28387.0"
"53600.0","0","53600.0"
"241255.0","0","241255.0"
"28484.0","0","28484.0"
"28604.0","0","28604.0"
"17883.0","0","17883.0"
"49179.0","0","49179.0"
"28595.0","0","28595.0"
"339599.0","0","339599.0"
"514459.0","0","514459.0"
"75900.0","0","75900.0"
"254068.0","0","254068.0"
"49561.0","1","49561.0"
"87969.0","0","87969.0"
"17900.0","0","17900.0"
"76511.0","0","76511.0"
"471087.0","0","471087.0"
"51246.0","0","51246.0"
"257158.0","0","257158.0"
"17936.0","0","17936.0"
"50029.0","0","50029.0"
"6471.0","0","6471.0"
"22583.0","0","22583.0"
"50203.0","0","50203.0"
"27323.0","0","27323.0"
"346139.0","0","346139.0"
"18006.0","0","18006.0"
"407741.0","0","407741.0"
"423175.0","0","423175.0"
"224727.0","0","224727.0"
"17948.0","0","17948.0"
"276755.0","0","276755.0"
"24449.0","0","24449.0"
"253807.0","0","253807.0"
"51978.0","0","51978.0"
"51089.0","0","51089.0"
"52159.0","0","52159.0"
"52250.0","0","52250.0"
"52307.0","0","52307.0"
"53017.0","0","53017.0"
"52748.0","0","52748.0"
"53070.0","0","53070.0"
"92212.0","0","92212.0"
"308119.0","0","308119.0"
"97879.0","0","97879.0"
"92240.0","0","92240.0"
"226407.0","0","226407.0"
"55385.0","0","55385.0"
"9603.0","0","9603.0"
"59019.0","0","59019.0"
"59285.0","0","59285.0"
"80224.0","0","80224.0"
"51667.0","0","51667.0"
"60640.0","0","60640.0"
"89696.0","0","89696.0"
"75869.0","0","75869.0"
"231756.0","0","231756.0"
"61533.0","0","61533.0"
"14728.0","0","14728.0"
"63016.0","0","63016.0"
"39220.0","0","39220.0"
"17889.0","0","17889.0"
"73759.0","0","73759.0"
"74828.0","0","74828.0"
"75657.0","0","75657.0"
"75776.0","0","75776.0"
"75879.0","0","75879.0"
"76600.0","0","76600.0"
"76663.0","0","76663.0"
"14789.0","0","14789.0"
"77033.0","0","77033.0"
"86434.0","0","86434.0"
"437312.0","0","437312.0"
"79147.0","0","79147.0"
"57561.0","0","57561.0"
"92299.0","0","92299.0"
"281468.0","0","281468.0"
"23358.0","0","23358.0"
"62708.0","0","62708.0"
"80579.0","0","80579.0"
"283400.0","0","283400.0"
"84284.0","0","84284.0"
"81274.0","0","81274.0"
"81892.0","0","81892.0"
"20300.0","0","20300.0"
"83054.0","0","83054.0"
"235920.0","0","235920.0"
"84180.0","0","84180.0"
"348551.0","0","348551.0"
"337714.0","0","337714.0"
"86624.0","0","86624.0"
"91907.0","0","91907.0"
"87793.0","0","87793.0"
"37573.0","0","37573.0"
"373836.0","0","373836.0"
"89328.0","0","89328.0"
"100.0","1","100.0"
"408841.0","0","408841.0"
"85639.0","0","85639.0"
"91853.0","0","91853.0"
"93629.0","0","93629.0"
"94073.0","0","94073.0"
"95203.0","0","95203.0"
"95651.0","0","95651.0"
"230129.0","0","230129.0"
"23065.0","0","23065.0"
"96442.0","0","96442.0"
"96519.0","0","96519.0"
"22081.0","0","22081.0"
"99875.0","0","99875.0"
"228287.0","0","228287.0"
"255513.0","0","255513.0"
"102686.0","0","102686.0"
"102971.0","0","102971.0"
"102774.0","0","102774.0"
"101705.0","0","101705.0"
"103295.0","0","103295.0"
"189286.0","0","189286.0"
"115070.0","0","115070.0"
"189123.0","0","189123.0"
"183431.0","0","183431.0"
"183742.0","0","183742.0"
"184100.0","0","184100.0"
"184216.0","0","184216.0"
"189117.0","0","189117.0"
"184957.0","0","184957.0"
"185501.0","0","185501.0"
"81037.0","0","81037.0"
"186389.0","0","186389.0"
"186543.0","0","186543.0"
"350478.0","0","350478.0"
"15405.0","0","15405.0"
"238593.0","0","238593.0"
"242804.0","0","242804.0"
"220759.0","0","220759.0"
"274804.0","0","274804.0"
"223973.0","0","223973.0"
"226833.0","0","226833.0"
"255313.0","0","255313.0"
"18145.0","0","18145.0"
"229236.0","0","229236.0"
"229410.0","0","229410.0"
"230257.0","0","230257.0"
"291828.0","0","291828.0"
"231430.0","0","231430.0"
"232020.0","0","232020.0"
"232544.0","0","232544.0"
"232611.0","0","232611.0"
"18002.0","0","18002.0"
"403544.0","0","403544.0"
"235548.0","0","235548.0"
"236086.0","0","236086.0"
"237540.0","0","237540.0"
"237581.0","0","237581.0"
"237078.0","0","237078.0"
"262069.0","0","262069.0"
"365430.0","0","365430.0"
"241897.0","0","241897.0"
"242048.0","0","242048.0"
"242261.0","0","242261.0"
"242609.0","0","242609.0"
"243089.0","0","243089.0"
"237598.0","0","237598.0"
"246542.0","0","246542.0"
"249381.0","0","249381.0"
"77825.0","0","77825.0"
"249416.0","0","249416.0"
"250784.0","0","250784.0"
"251697.0","0","251697.0"
"252666.0","0","252666.0"
"252555.0","0","252555.0"
"18034.0","0","18034.0"
"354019.0","0","354019.0"
"335883.0","0","335883.0"
"255122.0","0","255122.0"
"226945.0","0","226945.0"
"226543.0","0","226543.0"
"257373.0","0","257373.0"
"259431.0","0","259431.0"
"482303.0","0","482303.0"
"271883.0","0","271883.0"
"379297.0","0","379297.0"
"262629.0","0","262629.0"
"474264.0","0","474264.0"
"264617.0","0","264617.0"
"264915.0","0","264915.0"
"257425.0","0","257425.0"
"21271.0","0","21271.0"
"23314.0","0","23314.0"
"278071.0","0","278071.0"
"430335.0","0","430335.0"
"333635.0","0","333635.0"
"283882.0","0","283882.0"
"284429.0","0","284429.0"
"224787.0","0","224787.0"
"290604.0","0","290604.0"
"11231.0","0","11231.0"
"320193.0","0","320193.0"
"302104.0","0","302104.0"
"303709.0","0","303709.0"
"304169.0","0","304169.0"
"300854.0","0","300854.0"
"308294.0","0","308294.0"
"310255.0","0","310255.0"
"310745.0","0","310745.0"
"429086.0","0","429086.0"
"313334.0","0","313334.0"
"378936.0","0","378936.0"
"297179.0","0","297179.0"
"322317.0","0","322317.0"
"323944.0","0","323944.0"
"325966.0","0","325966.0"
"327664.0","0","327664.0"
"321376.0","0","321376.0"
"405933.0","0","405933.0"
"330214.0","0","330214.0"
"331141.0","0","331141.0"
"331587.0","0","331587.0"
"331959.0","0","331959.0"
"332358.0","0","332358.0"
"333000.0","0","333000.0"
"333850.0","0","333850.0"
"335331.0","0","335331.0"
"337799.0","0","337799.0"
"350359.0","0","350359.0"
"144528.0","0","144528.0"
"358612.0","0","358612.0"
"358649.0","0","358649.0"
"360644.0","0","360644.0"
"1813.0","0","1813.0"
"350819.0","0","350819.0"
"362211.0","0","362211.0"
"365582.0","0","365582.0"
"370135.0","0","370135.0"
"373707.0","0","373707.0"
"375855.0","0","375855.0"
"376703.0","0","376703.0"
"380784.0","0","380784.0"
"351175.0","0","351175.0"
"460767.0","0","460767.0"
"339366.0","0","339366.0"
"3991.0","0","3991.0"
"402279.0","0","402279.0"
"352035.0","0","352035.0"
"367603.0","0","367603.0"
"409872.0","0","409872.0"
"412536.0","0","412536.0"
"412609.0","0","412609.0"
"5413.0","0","5413.0"
"428903.0","0","428903.0"
"414913.0","0","414913.0"
"430941.0","0","430941.0"
"354375.0","0","354375.0"
"443483.0","0","443483.0"
"445156.0","0","445156.0"
"446639.0","0","446639.0"
"450976.0","0","450976.0"
"394850.0","0","394850.0"
"472520.0","0","472520.0"
"462164.0","0","462164.0"
"478098.0","0","478098.0"
"490941.0","0","490941.0"
"480210.0","0","480210.0"
"487817.0","0","487817.0"
"490927.0","0","490927.0"
"566156.0","0","566156.0"
"568840.0","0","568840.0"
"424856.0","0","424856.0"
"570609.0","0","570609.0"
"353035.0","0","353035.0"
"561576.0","0","561576.0"
"23126.0","0","23126.0"
"460311.0","0","460311.0"
"488581.0","0","488581.0"
"352098.0","0","352098.0"
"5335.0","0","5335.0"
"2195.0","0","2195.0"
"510867.0","0","510867.0"
"502037.0","0","502037.0"
"494585.0","0","494585.0"
"9988.0","0","9988.0"
"36515.0","0","36515.0"
"512679.0","0","512679.0"
"544065.0","0","544065.0"
"14929.0","0","14929.0"
"26582.0","0","26582.0"
"5226.0","0","5226.0"
"21524.0","0","21524.0"
"9281.0","0","9281.0"
"517516.0","0","517516.0"
"5764.0","0","5764.0"
"497018.0","0","497018.0"
"38891.0","1","38891.0"
"44405.0","0","44405.0"
"550132.0","0","550132.0"
"520455.0","0","520455.0"
"10470.0","0","10470.0"
"551605.0","0","551605.0"
"4886.0","0","4886.0"
"25027.0","0","25027.0"
"13524.0","0","13524.0"
"20523.0","0","20523.0"
"9707.0","0","9707.0"
"41680.0","0","41680.0"
"6130.0","0","6130.0"
"26516.0","0","26516.0"
"93996.0","0","93996.0"
"493106.0","0","493106.0"
"495457.0","0","495457.0"
"530822.0","0","530822.0"
"547903.0","0","547903.0"
"6773.0","0","6773.0"
"4597.0","0","4597.0"
"514375.0","0","514375.0"
"550255.0","0","550255.0"
"513132.0","0","513132.0"
"4972.0","0","4972.0"
"25179.0","0","25179.0"
"17605.0","0","17605.0"
"8465.0","0","8465.0"
"1794.0","0","1794.0"
"4651.0","0","4651.0"
"502295.0","0","502295.0"
"993.0","1","993.0"
"44523.0","0","44523.0"
"502536.0","0","502536.0"
"525593.0","0","525593.0"
"5723.0","0","5723.0"
"10653.0","0","10653.0"
"10980.0","0","10980.0"
"537892.0","0","537892.0"
"1236.0","0","1236.0"
"506895.0","0","506895.0"
"9727.0","0","9727.0"
"15419.0","0","15419.0"
"499987.0","0","499987.0"
"18434.0","0","18434.0"
"544430.0","0","544430.0"
"524227.0","0","524227.0"
"524160.0","0","524160.0"
"495640.0","0","495640.0"
"506875.0","0","506875.0"
"505610.0","0","505610.0"
"2003.0","0","2003.0"
"10630.0","0","10630.0"
"15966.0","0","15966.0"
"530094.0","0","530094.0"
"713.0","0","713.0"
"524332.0","0","524332.0"
"534196.0","0","534196.0"
"2448.0","0","2448.0"
"500775.0","0","500775.0"
"15977.0","0","15977.0"
"527944.0","0","527944.0"
"525076.0","0","525076.0"
"4935.0","0","4935.0"
"16667.0","0","16667.0"
"1233.0","0","1233.0"
"493142.0","0","493142.0"
"509518.0","0","509518.0"
"54597.0","0","54597.0"
"533032.0","0","533032.0"
"532953.0","0","532953.0"
"509426.0","0","509426.0"
"228695.0","0","228695.0"
"499720.0","0","499720.0"
"507553.0","0","507553.0"
"6175.0","0","6175.0"
"23622.0","0","23622.0"
"239786.0","0","239786.0"
"548314.0","0","548314.0"
"41653.0","0","41653.0"
"15928.0","0","15928.0"
"15317.0","0","15317.0"
"506928.0","0","506928.0"
"7185.0","0","7185.0"
"44417.0","1","44417.0"
"510945.0","0","510945.0"
"38798.0","0","38798.0"
"4623.0","0","4623.0"
"5796.0","0","5796.0"
"45782.0","0","45782.0"
"101832.0","0","101832.0"
"37621.0","0","37621.0"
"525474.0","0","525474.0"
"11091.0","0","11091.0"
"19654.0","0","19654.0"
"4948.0","0","4948.0"
"2341.0","0","2341.0"
"18572.0","0","18572.0"
"8187.0","0","8187.0"
"18138.0","0","18138.0"
"1317.0","0","1317.0"
"6710.0","0","6710.0"
"64.0","1","64.0"
"526875.0","0","526875.0"
"747.0","0","747.0"
"525.0","0","525.0"
"367.0","0","367.0"
"15665.0","0","15665.0"
"6693.0","0","6693.0"
"9812.0","0","9812.0"
"10236.0","0","10236.0"
"13492.0","0","13492.0"
"6243.0","0","6243.0"
"5920.0","0","5920.0"
"10518.0","0","10518.0"
"5761.0","0","5761.0"
"18164.0","0","18164.0"
"40687.0","0","40687.0"
"506205.0","0","506205.0"
"2058.0","0","2058.0"
"5867.0","0","5867.0"
"5731.0","0","5731.0"
"517973.0","0","517973.0"
"15308.0","0","15308.0"
"18468.0","0","18468.0"
"2080.0","0","2080.0"
"15969.0","0","15969.0"
"5767.0","0","5767.0"
"534482.0","0","534482.0"
"497687.0","0","497687.0"
"518584.0","0","518584.0"
"509378.0","0","509378.0"
"527246.0","0","527246.0"
"38992.0","0","38992.0"
"14831.0","0","14831.0"
"4653.0","0","4653.0"
"38388.0","0","38388.0"
"530955.0","0","530955.0"
"5781.0","0","5781.0"
"495600.0","0","495600.0"
"526095.0","0","526095.0"
"25513.0","0","25513.0"
"12847.0","0","12847.0"
"14981.0","0","14981.0"
"5668.0","0","5668.0"
"533019.0","0","533019.0"
"14330.0","0","14330.0"
"2366.0","0","2366.0"
"8174.0","0","8174.0"
"1165.0","0","1165.0"
"14770.0","0","14770.0"
"18536.0","0","18536.0"
"15662.0","0","15662.0"
"24756.0","0","24756.0"
"506844.0","0","506844.0"
"532305.0","0","532305.0"
"20100.0","0","20100.0"
"586.0","0","586.0"
"17609.0","0","17609.0"
"3851.0","0","3851.0"
"15196.0","0","15196.0"
"18465.0","0","18465.0"
"36724.0","0","36724.0"
"461.0","0","461.0"
"19952.0","0","19952.0"
"10246.0","0","10246.0"
"510777.0","0","510777.0"
"14920.0","0","14920.0"
"19825.0","0","19825.0"
"54250.0","0","54250.0"
"8954.0","0","8954.0"
"18231.0","0","18231.0"
"13643.0","0","13643.0"
"9045.0","0","9045.0"
"526.0","0","526.0"
"525595.0","0","525595.0"
"9570.0","0","9570.0"
"494556.0","0","494556.0"
"519778.0","0","519778.0"
"51580.0","0","51580.0"
"36731.0","0","36731.0"
"40037.0","0","40037.0"
"534154.0","0","534154.0"
"39457.0","0","39457.0"
"1615.0","0","1615.0"
"5780.0","0","5780.0"
"537248.0","0","537248.0"
"11249.0","0","11249.0"
"497752.0","0","497752.0"
"19849.0","0","19849.0"
"17504.0","0","17504.0"
"15929.0","0","15929.0"
"10929.0","0","10929.0"
"2453.0","0","2453.0"
"13264.0","0","13264.0"
"529131.0","0","529131.0"
"4020.0","0","4020.0"
"546461.0","0","546461.0"
"6626.0","0","6626.0"
"16241.0","0","16241.0"
"42805.0","0","42805.0"
"15316.0","0","15316.0"
"504215.0","0","504215.0"
"1162.0","0","1162.0"
"49747.0","0","49747.0"
"1334.0","0","1334.0"
"1690.0","1","1690.0"
"6647.0","0","6647.0"
"41997.0","0","41997.0"
"1010.0","0","1010.0"
"51966.0","0","51966.0"
"10241.0","0","10241.0"
"544966.0","0","544966.0"
"6122.0","0","6122.0"
"56196.0","0","56196.0"
"12729.0","0","12729.0"
"16153.0","0","16153.0"
"41693.0","0","41693.0"
"559.0","0","559.0"
"44677.0","0","44677.0"
"19630.0","0","19630.0"
"54201.0","0","54201.0"
"45783.0","0","45783.0"
"516808.0","0","516808.0"
"528458.0","0","528458.0"
"1655.0","0","1655.0"
"14622.0","0","14622.0"
"11012.0","0","11012.0"
"19141.0","0","19141.0"
"493883.0","0","493883.0"
"4927.0","0","4927.0"
"4627.0","0","4627.0"
"1109.0","0","1109.0"
"532269.0","0","532269.0"
"16710.0","0","16710.0"
"21077.0","0","21077.0"
"19503.0","0","19503.0"
"15935.0","0","15935.0"
"14608.0","0","14608.0"
"16620.0","0","16620.0"
"46370.0","0","46370.0"
"17699.0","1","17699.0"
"85571.0","0","85571.0"
"51987.0","0","51987.0"
"42703.0","0","42703.0"
"11256.0","0","11256.0"
"20329.0","0","20329.0"
"10704.0","0","10704.0"
"49739.0","0","49739.0"
"6885.0","0","6885.0"
"14768.0","0","14768.0"
"1901.0","0","1901.0"
"4830.0","0","4830.0"
"11270.0","0","11270.0"
"41891.0","0","41891.0"
"7180.0","0","7180.0"
"24710.0","0","24710.0"
"24006.0","0","24006.0"
"14053.0","0","14053.0"
"18430.0","0","18430.0"
"9226.0","0","9226.0"
"11199.0","0","11199.0"
"12468.0","1","12468.0"
"18137.0","0","18137.0"
"14917.0","0","14917.0"
"11242.0","0","11242.0"
"41224.0","0","41224.0"
"47323.0","0","47323.0"
"11334.0","0","11334.0"
"17683.0","0","17683.0"
"19708.0","0","19708.0"
"508216.0","0","508216.0"
"10974.0","0","10974.0"
"19142.0","0","19142.0"
"19956.0","0","19956.0"
"512111.0","0","512111.0"
"47620.0","0","47620.0"
"21141.0","0","21141.0"
"502250.0","0","502250.0"
"516527.0","0","516527.0"
"18958.0","0","18958.0"
"18214.0","0","18214.0"
"15934.0","0","15934.0"
"15945.0","0","15945.0"
"20941.0","0","20941.0"
"2275.0","0","2275.0"
"26167.0","0","26167.0"
"8882.0","0","8882.0"
"43848.0","0","43848.0"
"497406.0","0","497406.0"
"3838.0","1","3838.0"
"11247.0","0","11247.0"
"39111.0","0","39111.0"
"14010.0","0","14010.0"
"11329.0","0","11329.0"
"22656.0","0","22656.0"
"25021.0","0","25021.0"
"14753.0","0","14753.0"
"19392.0","0","19392.0"
"44998.0","0","44998.0"
"14288.0","0","14288.0"
"18956.0","0","18956.0"
"75639.0","0","75639.0"
"247160.0","0","247160.0"
"18713.0","0","18713.0"
"18513.0","0","18513.0"
"13224.0","0","13224.0"
"13983.0","0","13983.0"
"9756.0","0","9756.0"
"20985.0","0","20985.0"
"6011.0","0","6011.0"
"531395.0","0","531395.0"
"18215.0","0","18215.0"
"15281.0","0","15281.0"
"21253.0","0","21253.0"
"14403.0","0","14403.0"
"518840.0","0","518840.0"
"25320.0","0","25320.0"
"51280.0","0","51280.0"
"2081.0","0","2081.0"
"8300.0","0","8300.0"
"11191.0","0","11191.0"
"12575.0","0","12575.0"
"5568.0","0","5568.0"
"1734.0","0","1734.0"
"12813.0","0","12813.0"
"1116.0","0","1116.0"
"18759.0","0","18759.0"
"184.0","1","184.0"
"6065.0","0","6065.0"
"23528.0","0","23528.0"
"56981.0","0","56981.0"
"23982.0","0","23982.0"
"16646.0","0","16646.0"
"15976.0","0","15976.0"
"1189.0","0","1189.0"
"3853.0","0","3853.0"
"14136.0","0","14136.0"
"42747.0","0","42747.0"
"21169.0","0","21169.0"
"20584.0","0","20584.0"
"14782.0","0","14782.0"
"5901.0","1","5901.0"
"14943.0","0","14943.0"
"529587.0","0","529587.0"
"24852.0","0","24852.0"
"9037.0","0","9037.0"
"42682.0","0","42682.0"
"18197.0","0","18197.0"
"11246.0","0","11246.0"
"18827.0","0","18827.0"
"20641.0","0","20641.0"
"3982.0","0","3982.0"
"24574.0","0","24574.0"
"20266.0","0","20266.0"
"3587.0","0","3587.0"
"45827.0","0","45827.0"
"518029.0","0","518029.0"
"2865.0","0","2865.0"
"6653.0","0","6653.0"
"20817.0","0","20817.0"
"44851.0","0","44851.0"
"21526.0","0","21526.0"
"3856.0","0","3856.0"
"20668.0","0","20668.0"
"53450.0","0","53450.0"
"27296.0","0","27296.0"
"29.0","0","29.0"
"11288.0","0","11288.0"
"23792.0","0","23792.0"
"15936.0","0","15936.0"
"53113.0","0","53113.0"
"50262.0","0","50262.0"
"57834.0","0","57834.0"
"13116.0","0","13116.0"
"18675.0","0","18675.0"
"1525.0","0","1525.0"
"14916.0","0","14916.0"
"20818.0","0","20818.0"
"11118.0","0","11118.0"
"14978.0","0","14978.0"
"10942.0","0","10942.0"
"42725.0","0","42725.0"
"4915.0","0","4915.0"
"580146.0","0","580146.0"
"24465.0","0","24465.0"
"47210.0","0","47210.0"
"45001.0","0","45001.0"
"47248.0","0","47248.0"
"1128.0","0","1128.0"
"28773.0","0","28773.0"
"18501.0","0","18501.0"
"18143.0","0","18143.0"
"21159.0","0","21159.0"
"5941.0","0","5941.0"
"27099.0","0","27099.0"
"18180.0","0","18180.0"
"4422.0","0","4422.0"
"19288.0","0","19288.0"
"535690.0","0","535690.0"
"17642.0","0","17642.0"
"28456.0","0","28456.0"
"5964.0","0","5964.0"
"59303.0","0","59303.0"
"532274.0","0","532274.0"
"13266.0","0","13266.0"
"18778.0","0","18778.0"
"20886.0","0","20886.0"
"17488.0","0","17488.0"
"20816.0","0","20816.0"
"41661.0","0","41661.0"
"18547.0","0","18547.0"
"21401.0","0","21401.0"
"252895.0","0","252895.0"
"20804.0","0","20804.0"
"42924.0","0","42924.0"
"50963.0","0","50963.0"
"17417.0","0","17417.0"
"57365.0","0","57365.0"
"46294.0","0","46294.0"
"39177.0","0","39177.0"
"14147.0","0","14147.0"
"15294.0","0","15294.0"
"18220.0","0","18220.0"
"44036.0","0","44036.0"
"20675.0","0","20675.0"
"28451.0","0","28451.0"
"10866.0","0","10866.0"
"83031.0","0","83031.0"
"18591.0","0","18591.0"
"22776.0","0","22776.0"
"9761.0","0","9761.0"
"19284.0","0","19284.0"
"18871.0","0","18871.0"
"47319.0","0","47319.0"
"15711.0","0","15711.0"
"5785.0","0","5785.0"
"13649.0","0","13649.0"
"18761.0","0","18761.0"
"494687.0","0","494687.0"
"16674.0","0","16674.0"
"18839.0","0","18839.0"
"18498.0","0","18498.0"
"18512.0","0","18512.0"
"16605.0","0","16605.0"
"479127.0","0","479127.0"
"542025.0","0","542025.0"
"54621.0","0","54621.0"
"20847.0","0","20847.0"
"14455.0","0","14455.0"
"23661.0","0","23661.0"
"21057.0","0","21057.0"
"21055.0","0","21055.0"
"14185.0","0","14185.0"
"20062.0","0","20062.0"
"13007.0","0","13007.0"
"18017.0","0","18017.0"
"502033.0","0","502033.0"
"4620.0","0","4620.0"
"20410.0","0","20410.0"
"11033.0","0","11033.0"
"14412.0","0","14412.0"
"24486.0","0","24486.0"
"20662.0","0","20662.0"
"47642.0","0","47642.0"
"44602.0","0","44602.0"
"27385.0","0","27385.0"
"57368.0","0","57368.0"
"16733.0","0","16733.0"
"24727.0","0","24727.0"
"54237.0","0","54237.0"
"520884.0","0","520884.0"
"14237.0","0","14237.0"
"11240.0","0","11240.0"
"24523.0","0","24523.0"
"9798.0","0","9798.0"
"14263.0","0","14263.0"
"21365.0","0","21365.0"
"243035.0","0","243035.0"
"10391.0","0","10391.0"
"27859.0","0","27859.0"
"11195.0","0","11195.0"
"73753.0","0","73753.0"
"13251.0","0","13251.0"
"27655.0","0","27655.0"
"8849.0","0","8849.0"
"41099.0","0","41099.0"
"45667.0","0","45667.0"
"25587.0","0","25587.0"
"99479.0","0","99479.0"
"44724.0","0","44724.0"
"5066.0","0","5066.0"
"262081.0","0","262081.0"
"10915.0","0","10915.0"
"23826.0","0","23826.0"
"24639.0","0","24639.0"
"4006.0","0","4006.0"
"54397.0","0","54397.0"
"9013.0","0","9013.0"
"86093.0","0","86093.0"
"42241.0","0","42241.0"
"14059.0","0","14059.0"
"298401.0","0","298401.0"
"38609.0","0","38609.0"
"14196.0","0","14196.0"
"15601.0","0","15601.0"
"15967.0","0","15967.0"
"11266.0","0","11266.0"
"45307.0","0","45307.0"
"27359.0","0","27359.0"
"13570.0","0","13570.0"
"370473.0","0","370473.0"
"82927.0","0","82927.0"
"228547.0","0","228547.0"
"13273.0","0","13273.0"
"19815.0","0","19815.0"
"54208.0","1","54208.0"
"25310.0","0","25310.0"
"81233.0","0","81233.0"
"53345.0","0","53345.0"
"28685.0","0","28685.0"
"226104.0","0","226104.0"
"15295.0","0","15295.0"
"52823.0","0","52823.0"
"13605.0","0","13605.0"
"15531.0","0","15531.0"
"15536.0","0","15536.0"
"24806.0","0","24806.0"
"27558.0","0","27558.0"
"19283.0","0","19283.0"
"496718.0","0","496718.0"
"1973.0","0","1973.0"
"51077.0","0","51077.0"
"17505.0","0","17505.0"
"28596.0","0","28596.0"
"21377.0","0","21377.0"
"370299.0","0","370299.0"
"87313.0","0","87313.0"
"114672.0","0","114672.0"
"276888.0","0","276888.0"
"24875.0","0","24875.0"
"24886.0","0","24886.0"
"15617.0","0","15617.0"
"24857.0","0","24857.0"
"24838.0","0","24838.0"
"298389.0","0","298389.0"
"81177.0","0","81177.0"
"50235.0","0","50235.0"
"18456.0","0","18456.0"
"51455.0","0","51455.0"
"27549.0","0","27549.0"
"18664.0","0","18664.0"
"27518.0","0","27518.0"
"19619.0","0","19619.0"
"51420.0","0","51420.0"
"46756.0","0","46756.0"
"25666.0","0","25666.0"
"27864.0","0","27864.0"
"35785.0","0","35785.0"
"58026.0","0","58026.0"
"18228.0","0","18228.0"
"12893.0","0","12893.0"
"20021.0","0","20021.0"
"50028.0","0","50028.0"
"549756.0","0","549756.0"
"92124.0","0","92124.0"
"27853.0","0","27853.0"
"28460.0","0","28460.0"
"18934.0","0","18934.0"
"24467.0","0","24467.0"
"28407.0","0","28407.0"
"6995.0","0","6995.0"
"25026.0","0","25026.0"
"28656.0","0","28656.0"
"28550.0","0","28550.0"
"54896.0","0","54896.0"
"58046.0","0","58046.0"
"53226.0","0","53226.0"
"24654.0","0","24654.0"
"250487.0","0","250487.0"
"84392.0","0","84392.0"
"28688.0","0","28688.0"
"61501.0","0","61501.0"
"28721.0","0","28721.0"
"35775.0","0","35775.0"
"90810.0","0","90810.0"
"576878.0","0","576878.0"
"19684.0","0","19684.0"
"46645.0","0","46645.0"
"53626.0","0","53626.0"
"49629.0","0","49629.0"
"49649.0","0","49649.0"
"13058.0","0","13058.0"
"47147.0","0","47147.0"
"60581.0","0","60581.0"
"186064.0","0","186064.0"
"327549.0","0","327549.0"
"54400.0","0","54400.0"
"49729.0","0","49729.0"
"86589.0","0","86589.0"
"16827.0","0","16827.0"
"58598.0","0","58598.0"
"50273.0","0","50273.0"
"291466.0","0","291466.0"
"50131.0","0","50131.0"
"58408.0","0","58408.0"
"186396.0","0","186396.0"
"1238.0","0","1238.0"
"50083.0","1","50083.0"
"50379.0","0","50379.0"
"16451.0","0","16451.0"
"15450.0","0","15450.0"
"401538.0","0","401538.0"
"114896.0","0","114896.0"
"20278.0","0","20278.0"
"50500.0","0","50500.0"
"50544.0","0","50544.0"
"54505.0","0","54505.0"
"50857.0","0","50857.0"
"19235.0","0","19235.0"
"511368.0","0","511368.0"
"54316.0","0","54316.0"
"75654.0","0","75654.0"
"61262.0","0","61262.0"
"517412.0","0","517412.0"
"17988.0","0","17988.0"
"60723.0","0","60723.0"
"24714.0","0","24714.0"
"283511.0","0","283511.0"
"51398.0","0","51398.0"
"52052.0","0","52052.0"
"51365.0","0","51365.0"
"51399.0","0","51399.0"
"19361.0","0","19361.0"
"19919.0","0","19919.0"
"59118.0","0","59118.0"
"56836.0","0","56836.0"
"395499.0","0","395499.0"
"54827.0","0","54827.0"
"51750.0","0","51750.0"
"51913.0","0","51913.0"
"51971.0","0","51971.0"
"74464.0","0","74464.0"
"52046.0","0","52046.0"
"84016.0","0","84016.0"
"18177.0","0","18177.0"
"81336.0","0","81336.0"
"52517.0","0","52517.0"
"52594.0","0","52594.0"
"52643.0","0","52643.0"
"54226.0","0","54226.0"
"52889.0","0","52889.0"
"20463.0","0","20463.0"
"52667.0","0","52667.0"
"53006.0","0","53006.0"
"47735.0","0","47735.0"
"85350.0","0","85350.0"
"53068.0","0","53068.0"
"53158.0","0","53158.0"
"84048.0","0","84048.0"
"53813.0","0","53813.0"
"18264.0","0","18264.0"
"53902.0","0","53902.0"
"54053.0","0","54053.0"
"283274.0","0","283274.0"
"54380.0","0","54380.0"
"54436.0","0","54436.0"
"11282.0","0","11282.0"
"26361.0","0","26361.0"
"54702.0","0","54702.0"
"89312.0","0","89312.0"
"55393.0","0","55393.0"
"58455.0","0","58455.0"
"56673.0","0","56673.0"
"20171.0","0","20171.0"
"543881.0","0","543881.0"
"549656.0","0","549656.0"
"283398.0","0","283398.0"
"58435.0","0","58435.0"
"59301.0","0","59301.0"
"91984.0","0","91984.0"
"22185.0","0","22185.0"
"59639.0","0","59639.0"
"59783.0","0","59783.0"
"259728.0","0","259728.0"
"60453.0","0","60453.0"
"60477.0","0","60477.0"
"19818.0","0","19818.0"
"79366.0","0","79366.0"
"496360.0","0","496360.0"
"4049.0","0","4049.0"
"4774.0","0","4774.0"
"493245.0","0","493245.0"
"57103.0","0","57103.0"
"76068.0","0","76068.0"
"62360.0","0","62360.0"
"247149.0","0","247149.0"
"12663.0","0","12663.0"
"21774.0","0","21774.0"
"63538.0","0","63538.0"
"63621.0","0","63621.0"
"63702.0","0","63702.0"
"88552.0","0","88552.0"
"141623.0","0","141623.0"
"247136.0","0","247136.0"
"121326.0","0","121326.0"
"64100.0","0","64100.0"
"16869.0","0","16869.0"
"73763.0","0","73763.0"
"73875.0","0","73875.0"
"227680.0","0","227680.0"
"74265.0","0","74265.0"
"74267.0","0","74267.0"
"74427.0","0","74427.0"
"78693.0","0","78693.0"
"74550.0","0","74550.0"
"74946.0","0","74946.0"
"249853.0","0","249853.0"
"75787.0","0","75787.0"
"75804.0","0","75804.0"
"75913.0","0","75913.0"
"246983.0","0","246983.0"
"81039.0","0","81039.0"
"76438.0","0","76438.0"
"24747.0","0","24747.0"
"78143.0","0","78143.0"
"76870.0","0","76870.0"
"33186.0","0","33186.0"
"77532.0","0","77532.0"
"276747.0","0","276747.0"
"78307.0","0","78307.0"
"13083.0","0","13083.0"
"78891.0","0","78891.0"
"46637.0","0","46637.0"
"531779.0","0","531779.0"
"80013.0","0","80013.0"
"10052.0","0","10052.0"
"81211.0","0","81211.0"
"347157.0","0","347157.0"
"139817.0","0","139817.0"
"57363.0","0","57363.0"
"18139.0","0","18139.0"
"82322.0","0","82322.0"
"77125.0","0","77125.0"
"24455.0","0","24455.0"
"84145.0","0","84145.0"
"56326.0","0","56326.0"
"304718.0","0","304718.0"
"27397.0","0","27397.0"
"19237.0","0","19237.0"
"57656.0","0","57656.0"
"240406.0","0","240406.0"
"79895.0","0","79895.0"
"87414.0","0","87414.0"
"87555.0","0","87555.0"
"74461.0","0","74461.0"
"80185.0","0","80185.0"
"102368.0","0","102368.0"
"222017.0","0","222017.0"
"74522.0","0","74522.0"
"88630.0","0","88630.0"
"87327.0","0","87327.0"
"89508.0","0","89508.0"
"337320.0","0","337320.0"
"56330.0","1","56330.0"
"91128.0","0","91128.0"
"93127.0","0","93127.0"
"88392.0","0","88392.0"
"95163.0","0","95163.0"
"95636.0","0","95636.0"
"96135.0","0","96135.0"
"96357.0","0","96357.0"
"232618.0","0","232618.0"
"231157.0","0","231157.0"
"96892.0","0","96892.0"
"97076.0","0","97076.0"
"136825.0","0","136825.0"
"236382.0","0","236382.0"
"186005.0","0","186005.0"
"98201.0","0","98201.0"
"98252.0","0","98252.0"
"98671.0","0","98671.0"
"99556.0","0","99556.0"
"99797.0","0","99797.0"
"23320.0","0","23320.0"
"380216.0","0","380216.0"
"100800.0","0","100800.0"
"101132.0","0","101132.0"
"100784.0","0","100784.0"
"235065.0","0","235065.0"
"102668.0","0","102668.0"
"103809.0","0","103809.0"
"247157.0","0","247157.0"
"114958.0","0","114958.0"
"188298.0","0","188298.0"
"184282.0","0","184282.0"
"184573.0","0","184573.0"
"224493.0","0","224493.0"
"80762.0","0","80762.0"
"308538.0","0","308538.0"
"348130.0","0","348130.0"
"292859.0","0","292859.0"
"188192.0","0","188192.0"
"8657.0","0","8657.0"
"264049.0","0","264049.0"
"110918.0","0","110918.0"
"360620.0","0","360620.0"
"221829.0","0","221829.0"
"222726.0","0","222726.0"
"222824.0","0","222824.0"
"615477.0","0","615477.0"
"90706.0","0","90706.0"
"224335.0","0","224335.0"
"224941.0","0","224941.0"
"431079.0","0","431079.0"
"228974.0","0","228974.0"
"73629.0","0","73629.0"
"86606.0","0","86606.0"
"513816.0","0","513816.0"
"266437.0","0","266437.0"
"233195.0","0","233195.0"
"285312.0","0","285312.0"
"235084.0","0","235084.0"
"235750.0","0","235750.0"
"281106.0","0","281106.0"
"302498.0","0","302498.0"
"242778.0","0","242778.0"
"238642.0","0","238642.0"
"239273.0","0","239273.0"
"240188.0","0","240188.0"
"23423.0","0","23423.0"
"328782.0","0","328782.0"
"187028.0","0","187028.0"
"243016.0","0","243016.0"
"244781.0","0","244781.0"
"314201.0","0","314201.0"
"331508.0","0","331508.0"
"246343.0","0","246343.0"
"187029.0","0","187029.0"
"257561.0","0","257561.0"
"248101.0","0","248101.0"
"248244.0","0","248244.0"
"57679.0","0","57679.0"
"92067.0","0","92067.0"
"78599.0","0","78599.0"
"251561.0","0","251561.0"
"252141.0","0","252141.0"
"253443.0","0","253443.0"
"260572.0","0","260572.0"
"158366.0","0","158366.0"
"255360.0","0","255360.0"
"29912.0","0","29912.0"
"365718.0","0","365718.0"
"255855.0","0","255855.0"
"257240.0","0","257240.0"
"329245.0","0","329245.0"
"387220.0","0","387220.0"
"259835.0","0","259835.0"
"643496.0","0","643496.0"
"257047.0","0","257047.0"
"263829.0","0","263829.0"
"264079.0","0","264079.0"
"264404.0","0","264404.0"
"265108.0","0","265108.0"
"121975.0","0","121975.0"
"265877.0","0","265877.0"
"266087.0","0","266087.0"
"269733.0","0","269733.0"
"271833.0","0","271833.0"
"408944.0","0","408944.0"
"25265.0","0","25265.0"
"274931.0","0","274931.0"
"274995.0","0","274995.0"
"275767.0","0","275767.0"
"439514.0","0","439514.0"
"277779.0","0","277779.0"
"280343.0","0","280343.0"
"282012.0","0","282012.0"
"283431.0","0","283431.0"
"327826.0","0","327826.0"
"284296.0","0","284296.0"
"325104.0","0","325104.0"
"286444.0","0","286444.0"
"287537.0","0","287537.0"
"287719.0","0","287719.0"
"288022.0","0","288022.0"
"288792.0","0","288792.0"
"292032.0","0","292032.0"
"293594.0","0","293594.0"
"283677.0","0","283677.0"
"346142.0","0","346142.0"
"294446.0","0","294446.0"
"65213.0","0","65213.0"
"56695.0","0","56695.0"
"302656.0","0","302656.0"
"296668.0","0","296668.0"
"309044.0","0","309044.0"
"335614.0","0","335614.0"
"264753.0","0","264753.0"
"57759.0","0","57759.0"
"315114.0","0","315114.0"
"346934.0","0","346934.0"
"58016.0","0","58016.0"
"318942.0","0","318942.0"
"306500.0","0","306500.0"
"246980.0","0","246980.0"
"302948.0","0","302948.0"
"323117.0","0","323117.0"
"334830.0","0","334830.0"
"54858.0","0","54858.0"
"335025.0","0","335025.0"
"334131.0","0","334131.0"
"336834.0","0","336834.0"
"18003.0","0","18003.0"
"339259.0","0","339259.0"
"315647.0","0","315647.0"
"353020.0","0","353020.0"
"353709.0","0","353709.0"
"356078.0","0","356078.0"
"356426.0","0","356426.0"
"362632.0","0","362632.0"
"361213.0","0","361213.0"
"239945.0","0","239945.0"
"330576.0","0","330576.0"
"364339.0","0","364339.0"
"257643.0","0","257643.0"
"580954.0","0","580954.0"
"74786.0","0","74786.0"
"373100.0","0","373100.0"
"87621.0","0","87621.0"
"355658.0","0","355658.0"
"21062.0","0","21062.0"
"385519.0","0","385519.0"
"385976.0","0","385976.0"
"386549.0","0","386549.0"
"387371.0","0","387371.0"
"389763.0","0","389763.0"
"394363.0","0","394363.0"
"395045.0","0","395045.0"
"396420.0","0","396420.0"
"397450.0","0","397450.0"
"85135.0","0","85135.0"
"401564.0","0","401564.0"
"65214.0","0","65214.0"
"240921.0","0","240921.0"
"402939.0","0","402939.0"
"405480.0","0","405480.0"
"361785.0","0","361785.0"
"57916.0","0","57916.0"
"407761.0","0","407761.0"
"407381.0","0","407381.0"
"159729.0","0","159729.0"
"56993.0","0","56993.0"
"415207.0","0","415207.0"
"417046.0","0","417046.0"
"425441.0","0","425441.0"
"629209.0","0","629209.0"
"434935.0","0","434935.0"
"437152.0","0","437152.0"
"19610.0","0","19610.0"
"441312.0","0","441312.0"
"444980.0","0","444980.0"
"445917.0","0","445917.0"
"385078.0","0","385078.0"
"448276.0","0","448276.0"
"56744.0","0","56744.0"
"9407.0","0","9407.0"
"57271.0","0","57271.0"
"58065.0","0","58065.0"
"57448.0","0","57448.0"
"150116.0","0","150116.0"
"379928.0","0","379928.0"
"473183.0","0","473183.0"
"57155.0","0","57155.0"
"564942.0","0","564942.0"
"387923.0","0","387923.0"
"490703.0","0","490703.0"
"491541.0","0","491541.0"
"491558.0","0","491558.0"
"555276.0","0","555276.0"
"556467.0","0","556467.0"
"394230.0","0","394230.0"
"559768.0","0","559768.0"
"568698.0","0","568698.0"
"576798.0","0","576798.0"
"598402.0","0","598402.0"
"589650.0","0","589650.0"
"263407.0","0","263407.0"
"597428.0","0","597428.0"
"25194.0","0","25194.0"
"42260.0","0","42260.0"
"9236.0","0","9236.0"
"694.0","0","694.0"
"494032.0","0","494032.0"
"818.0","0","818.0"
"2157.0","1","2157.0"
"4617.0","0","4617.0"
"15983.0","0","15983.0"
"12715.0","0","12715.0"
"56338.0","0","56338.0"
"414359.0","0","414359.0"
"54881.0","0","54881.0"
"184332.0","0","184332.0"
"154751.0","0","154751.0"
"296675.0","0","296675.0"
"81810.0","0","81810.0"
"4980.0","0","4980.0"
"18680.0","0","18680.0"
"23572.0","0","23572.0"
"6784.0","0","6784.0"
"9135.0","0","9135.0"
"7121.0","0","7121.0"
"46376.0","0","46376.0"
"9034.0","0","9034.0"
"2005.0","1","2005.0"
"6695.0","1","6695.0"
"6288.0","0","6288.0"
"45474.0","0","45474.0"
"16676.0","0","16676.0"
"1458.0","1","1458.0"
"1833.0","0","1833.0"
"5931.0","1","5931.0"
"3747.0","0","3747.0"
"15181.0","0","15181.0"
"8469.0","0","8469.0"
"1625.0","0","1625.0"
"10571.0","0","10571.0"
"28498.0","0","28498.0"
"25959.0","0","25959.0"
"6613.0","0","6613.0"
"17871.0","0","17871.0"
"25965.0","0","25965.0"
"14110.0","0","14110.0"
"12581.0","0","12581.0"
"10983.0","0","10983.0"
"14194.0","0","14194.0"
"12680.0","0","12680.0"
"18005.0","0","18005.0"
"17585.0","0","17585.0"
"12624.0","0","12624.0"
"50961.0","0","50961.0"
"232711.0","0","232711.0"
"11214.0","0","11214.0"
"13028.0","0","13028.0"
"21396.0","0","21396.0"
"15954.0","0","15954.0"
"1282.0","1","1282.0"
"1053.0","0","1053.0"
"414.0","0","414.0"
"15701.0","0","15701.0"
"18797.0","0","18797.0"
"17929.0","0","17929.0"
"46628.0","0","46628.0"
"15961.0","0","15961.0"
"38118.0","0","38118.0"
"65.0","0","65.0"
"11234.0","0","11234.0"
"18045.0","0","18045.0"
"11102.0","0","11102.0"
"23586.0","0","23586.0"
"15175.0","0","15175.0"
"14217.0","0","14217.0"
"87175.0","0","87175.0"
"21362.0","0","21362.0"
"11232.0","0","11232.0"
"11045.0","0","11045.0"
"11126.0","0","11126.0"
"15176.0","0","15176.0"
"24956.0","0","24956.0"
"12755.0","0","12755.0"
"21404.0","0","21404.0"
"5258.0","0","5258.0"
"27529.0","0","27529.0"
"632716.0","0","632716.0"
"22731.0","0","22731.0"
"49719.0","0","49719.0"
"91098.0","0","91098.0"
"85003.0","0","85003.0"
"52906.0","0","52906.0"
"52986.0","0","52986.0"
"3614.0","0","3614.0"
"84111.0","0","84111.0"
"59596.0","0","59596.0"
"220821.0","0","220821.0"
"23430.0","0","23430.0"
"289154.0","0","289154.0"
"12627.0","0","12627.0"
"90930.0","0","90930.0"
"99012.0","0","99012.0"
"183636.0","1","183636.0"
"185350.0","0","185350.0"
"224324.0","0","224324.0"
"86795.0","0","86795.0"
"229561.0","0","229561.0"
"348572.0","0","348572.0"
"236808.0","0","236808.0"
"238588.0","0","238588.0"
"17881.0","0","17881.0"
"242134.0","0","242134.0"
"325284.0","0","325284.0"
"18800.0","0","18800.0"
"273355.0","0","273355.0"
"280204.0","0","280204.0"
"23542.0","0","23542.0"
"310179.0","0","310179.0"
"310449.0","0","310449.0"
"315180.0","0","315180.0"
"351949.0","0","351949.0"
"360276.0","0","360276.0"
"19596.0","0","19596.0"
"189387.0","0","189387.0"
"434016.0","0","434016.0"
"350651.0","0","350651.0"
"443233.0","0","443233.0"
"441256.0","0","441256.0"
"450688.0","0","450688.0"
"467395.0","0","467395.0"
"12985.0","0","12985.0"
"573155.0","0","573155.0"
"411293.0","0","411293.0"
"499621.0","0","499621.0"
"534290.0","0","534290.0"
"503382.0","0","503382.0"
"494663.0","0","494663.0"
"520255.0","0","520255.0"
"550098.0","0","550098.0"
"514749.0","0","514749.0"
"522926.0","0","522926.0"
"536304.0","0","536304.0"
"506294.0","0","506294.0"
"527943.0","0","527943.0"
"528222.0","0","528222.0"
"527184.0","0","527184.0"
"17885.0","1","17885.0"
"6374.0","0","6374.0"
"1112.0","1","1112.0"
"497906.0","0","497906.0"
"537813.0","0","537813.0"
"493899.0","0","493899.0"
"504085.0","0","504085.0"
"513951.0","0","513951.0"
"518259.0","0","518259.0"
"508380.0","0","508380.0"
"532732.0","0","532732.0"
"513586.0","0","513586.0"
"519162.0","0","519162.0"
"534401.0","0","534401.0"
"521846.0","0","521846.0"
"529076.0","0","529076.0"
"24320.0","0","24320.0"
"519495.0","0","519495.0"
"533892.0","0","533892.0"
"9020.0","1","9020.0"
"520247.0","0","520247.0"
"2295.0","0","2295.0"
"497530.0","0","497530.0"
"500022.0","0","500022.0"
"505796.0","0","505796.0"
"493050.0","0","493050.0"
"549334.0","0","549334.0"
"520740.0","0","520740.0"
"550245.0","0","550245.0"
"519420.0","0","519420.0"
"495778.0","0","495778.0"
"527472.0","0","527472.0"
"507880.0","0","507880.0"
"545182.0","0","545182.0"
"6844.0","0","6844.0"
"502979.0","0","502979.0"
"520466.0","0","520466.0"
"519300.0","0","519300.0"
"541919.0","0","541919.0"
"512227.0","0","512227.0"
"506217.0","0","506217.0"
"527537.0","0","527537.0"
"773.0","0","773.0"
"221361.0","0","221361.0"
"514377.0","0","514377.0"
"49670.0","0","49670.0"
"544527.0","0","544527.0"
"506486.0","0","506486.0"
"502609.0","0","502609.0"
"532770.0","0","532770.0"
"15984.0","0","15984.0"
"501951.0","0","501951.0"
"496215.0","0","496215.0"
"532895.0","0","532895.0"
"494871.0","0","494871.0"
"17893.0","0","17893.0"
"40371.0","0","40371.0"
"509775.0","0","509775.0"
"539842.0","0","539842.0"
"18020.0","0","18020.0"
"517444.0","0","517444.0"
"547110.0","0","547110.0"
"504479.0","0","504479.0"
"1344.0","0","1344.0"
"499391.0","0","499391.0"
"327648.0","0","327648.0"
"9411.0","0","9411.0"
"513358.0","0","513358.0"
"519981.0","0","519981.0"
"530761.0","0","530761.0"
"513375.0","0","513375.0"
"505965.0","0","505965.0"
"11315.0","0","11315.0"
"5452.0","1","5452.0"
"8623.0","0","8623.0"
"10465.0","0","10465.0"
"912.0","0","912.0"
"522927.0","0","522927.0"
"40357.0","0","40357.0"
"347762.0","0","347762.0"
"6908.0","1","6908.0"
"40998.0","0","40998.0"
"21743.0","0","21743.0"
"219.0","0","219.0"
"7659.0","0","7659.0"
"3575.0","0","3575.0"
"2044.0","1","2044.0"
"493271.0","0","493271.0"
"13419.0","0","13419.0"
"36927.0","0","36927.0"
"443413.0","0","443413.0"
"4144.0","0","4144.0"
"536014.0","0","536014.0"
"18050.0","0","18050.0"
"35739.0","0","35739.0"
"509029.0","0","509029.0"
"8644.0","0","8644.0"
"14529.0","0","14529.0"
"85120.0","0","85120.0"
"525620.0","0","525620.0"
"21737.0","0","21737.0"
"526181.0","0","526181.0"
"20913.0","0","20913.0"
"3869.0","0","3869.0"
"4295.0","0","4295.0"
"6748.0","0","6748.0"
"40137.0","0","40137.0"
"527025.0","0","527025.0"
"25966.0","0","25966.0"
"16630.0","0","16630.0"
"7155.0","0","7155.0"
"19633.0","0","19633.0"
"6636.0","1","6636.0"
"42003.0","0","42003.0"
"27822.0","0","27822.0"
"17999.0","0","17999.0"
"18625.0","0","18625.0"
"17911.0","0","17911.0"
"18155.0","0","18155.0"
"494931.0","0","494931.0"
"16402.0","0","16402.0"
"2106.0","0","2106.0"
"904.0","1","904.0"
"20367.0","0","20367.0"
"28652.0","0","28652.0"
"10975.0","0","10975.0"
"6676.0","0","6676.0"
"313.0","0","313.0"
"11108.0","0","11108.0"
"1731.0","0","1731.0"
"20454.0","0","20454.0"
"1658.0","0","1658.0"
"10896.0","0","10896.0"
"43076.0","0","43076.0"
"6940.0","1","6940.0"
"14201.0","0","14201.0"
"10219.0","0","10219.0"
"27175.0","0","27175.0"
"20414.0","0","20414.0"
"6035.0","0","6035.0"
"17858.0","0","17858.0"
"20553.0","0","20553.0"
"9577.0","0","9577.0"
"39871.0","0","39871.0"
"39969.0","0","39969.0"
"39745.0","0","39745.0"
"16820.0","0","16820.0"
"17852.0","0","17852.0"
"494885.0","0","494885.0"
"505689.0","0","505689.0"
"14362.0","0","14362.0"
"40702.0","0","40702.0"
"17906.0","0","17906.0"
"10358.0","0","10358.0"
"53083.0","0","53083.0"
"17957.0","0","17957.0"
"16002.0","0","16002.0"
"24800.0","0","24800.0"
"17896.0","0","17896.0"
"6429.0","0","6429.0"
"1999.0","0","1999.0"
"17874.0","0","17874.0"
"28783.0","0","28783.0"
"18043.0","0","18043.0"
"6343.0","0","6343.0"
"13990.0","0","13990.0"
"13256.0","0","13256.0"
"24489.0","1","24489.0"
"10917.0","0","10917.0"
"24842.0","0","24842.0"
"11347.0","0","11347.0"
"27660.0","0","27660.0"
"4845.0","0","4845.0"
"13452.0","0","13452.0"
"22189.0","0","22189.0"
"22642.0","0","22642.0"
"27958.0","0","27958.0"
"13130.0","0","13130.0"
"24930.0","0","24930.0"
"13027.0","0","13027.0"
"13444.0","1","13444.0"
"14937.0","0","14937.0"
"14885.0","0","14885.0"
"14260.0","0","14260.0"
"23580.0","0","23580.0"
"23602.0","0","23602.0"
"20891.0","0","20891.0"
"20184.0","0","20184.0"
"49636.0","0","49636.0"
"246784.0","0","246784.0"
"20319.0","0","20319.0"
"18655.0","0","18655.0"
"15183.0","0","15183.0"
"28597.0","0","28597.0"
"75576.0","0","75576.0"
"27880.0","0","27880.0"
"97243.0","0","97243.0"
"93732.0","0","93732.0"
"500559.0","0","500559.0"
"46709.0","0","46709.0"
"46765.0","0","46765.0"
"24448.0","0","24448.0"
"306281.0","0","306281.0"
"291498.0","0","291498.0"
"559679.0","0","559679.0"
"18008.0","0","18008.0"
"50383.0","0","50383.0"
"50321.0","0","50321.0"
"18283.0","0","18283.0"
"51115.0","0","51115.0"
"53752.0","0","53752.0"
"51418.0","0","51418.0"
"339785.0","0","339785.0"
"51614.0","0","51614.0"
"52291.0","0","52291.0"
"280926.0","0","280926.0"
"52265.0","0","52265.0"
"52381.0","0","52381.0"
"92556.0","0","92556.0"
"297459.0","0","297459.0"
"52985.0","0","52985.0"
"53112.0","0","53112.0"
"51116.0","1","51116.0"
"53316.0","0","53316.0"
"18053.0","0","18053.0"
"54287.0","0","54287.0"
"313050.0","0","313050.0"
"19969.0","0","19969.0"
"18001.0","0","18001.0"
"83053.0","0","83053.0"
"60311.0","0","60311.0"
"22817.0","0","22817.0"
"61526.0","0","61526.0"
"92045.0","0","92045.0"
"74625.0","0","74625.0"
"79591.0","0","79591.0"
"83448.0","0","83448.0"
"81609.0","0","81609.0"
"83853.0","0","83853.0"
"339933.0","0","339933.0"
"85634.0","0","85634.0"
"90036.0","0","90036.0"
"91204.0","0","91204.0"
"358815.0","0","358815.0"
"92097.0","0","92097.0"
"93402.0","0","93402.0"
"89543.0","0","89543.0"
"95621.0","0","95621.0"
"96677.0","0","96677.0"
"97853.0","0","97853.0"
"98399.0","0","98399.0"
"348931.0","0","348931.0"
"115554.0","0","115554.0"
"185124.0","0","185124.0"
"186146.0","0","186146.0"
"186818.0","0","186818.0"
"187142.0","0","187142.0"
"225898.0","0","225898.0"
"346322.0","0","346322.0"
"313262.0","0","313262.0"
"237321.0","0","237321.0"
"311836.0","0","311836.0"
"279022.0","0","279022.0"
"241877.0","0","241877.0"
"12784.0","0","12784.0"
"422445.0","0","422445.0"
"244221.0","0","244221.0"
"244364.0","0","244364.0"
"245927.0","0","245927.0"
"359093.0","0","359093.0"
"249816.0","0","249816.0"
"245220.0","0","245220.0"
"313240.0","0","313240.0"
"310851.0","0","310851.0"
"273748.0","0","273748.0"
"665127.0","0","665127.0"
"118750.0","0","118750.0"
"268475.0","0","268475.0"
"337100.0","0","337100.0"
"398487.0","0","398487.0"
"272791.0","0","272791.0"
"275214.0","0","275214.0"
"89980.0","0","89980.0"
"289871.0","0","289871.0"
"290261.0","0","290261.0"
"293255.0","0","293255.0"
"294677.0","0","294677.0"
"303852.0","0","303852.0"
"310000.0","0","310000.0"
"568204.0","0","568204.0"
"561341.0","0","561341.0"
"300039.0","0","300039.0"
"327358.0","0","327358.0"
"331232.0","0","331232.0"
"331202.0","0","331202.0"
"339488.0","0","339488.0"
"349423.0","0","349423.0"
"363239.0","0","363239.0"
"367036.0","0","367036.0"
"367655.0","0","367655.0"
"17972.0","0","17972.0"
"238099.0","0","238099.0"
"339786.0","0","339786.0"
"377342.0","0","377342.0"
"384345.0","0","384345.0"
"387766.0","0","387766.0"
"389490.0","0","389490.0"
"230930.0","0","230930.0"
"348990.0","0","348990.0"
"397051.0","0","397051.0"
"401038.0","0","401038.0"
"410120.0","0","410120.0"
"412255.0","0","412255.0"
"412729.0","0","412729.0"
"427243.0","0","427243.0"
"428068.0","0","428068.0"
"338006.0","0","338006.0"
"278731.0","0","278731.0"
"372715.0","0","372715.0"
"412336.0","0","412336.0"
"348641.0","0","348641.0"
"473785.0","0","473785.0"
"561786.0","0","561786.0"
"561623.0","0","561623.0"
"339545.0","0","339545.0"
"555852.0","0","555852.0"
"358921.0","0","358921.0"
"567053.0","0","567053.0"
"375779.0","0","375779.0"
"373479.0","0","373479.0"
"576865.0","0","576865.0"
"446670.0","0","446670.0"
"369436.0","0","369436.0"
"525420.0","0","525420.0"
"532889.0","0","532889.0"
"537678.0","0","537678.0"
"501008.0","0","501008.0"
"497138.0","0","497138.0"
"517060.0","0","517060.0"
"547835.0","0","547835.0"
"508867.0","0","508867.0"
"527570.0","0","527570.0"
"530182.0","0","530182.0"
"499632.0","0","499632.0"
"31606.0","0","31606.0"
"550851.0","0","550851.0"
"551800.0","0","551800.0"
"518463.0","0","518463.0"
"532148.0","0","532148.0"
"495806.0","0","495806.0"
"502142.0","0","502142.0"
"515621.0","0","515621.0"
"534435.0","0","534435.0"
"550251.0","0","550251.0"
"529101.0","0","529101.0"
"506485.0","0","506485.0"
"13565.0","0","13565.0"
"502100.0","0","502100.0"
"501560.0","0","501560.0"
"9710.0","0","9710.0"
"17013.0","0","17013.0"
"502438.0","0","502438.0"
"548544.0","0","548544.0"
"525977.0","0","525977.0"
"510638.0","0","510638.0"
"492674.0","0","492674.0"
"493732.0","0","493732.0"
"15265.0","0","15265.0"
"549210.0","0","549210.0"
"503912.0","0","503912.0"
"1660.0","0","1660.0"
"544250.0","0","544250.0"
"528047.0","0","528047.0"
"7222.0","0","7222.0"
"505162.0","0","505162.0"
"545874.0","0","545874.0"
"529427.0","0","529427.0"
"530179.0","0","530179.0"
"19714.0","0","19714.0"
"245376.0","0","245376.0"
"8185.0","0","8185.0"
"11021.0","0","11021.0"
"742.0","0","742.0"
"11224.0","0","11224.0"
"23459.0","0","23459.0"
"550210.0","0","550210.0"
"14044.0","0","14044.0"
"22486.0","0","22486.0"
"114921.0","0","114921.0"
"16905.0","0","16905.0"
"16645.0","0","16645.0"
"56195.0","0","56195.0"
"17019.0","0","17019.0"
"24913.0","0","24913.0"
"51430.0","0","51430.0"
"17509.0","0","17509.0"
"18285.0","0","18285.0"
"84150.0","0","84150.0"
"23611.0","0","23611.0"
"50998.0","1","50998.0"
"25625.0","0","25625.0"
"50192.0","0","50192.0"
"66887.0","0","66887.0"
"35772.0","0","35772.0"
"52935.0","0","52935.0"
"49584.0","0","49584.0"
"188035.0","0","188035.0"
"50219.0","0","50219.0"
"50465.0","0","50465.0"
"283382.0","0","283382.0"
"51874.0","0","51874.0"
"52334.0","0","52334.0"
"52382.0","0","52382.0"
"52414.0","0","52414.0"
"52833.0","0","52833.0"
"52543.0","0","52543.0"
"54500.0","0","54500.0"
"56182.0","1","56182.0"
"58367.0","0","58367.0"
"58529.0","0","58529.0"
"515173.0","0","515173.0"
"614199.0","0","614199.0"
"59776.0","0","59776.0"
"83355.0","0","83355.0"
"522983.0","0","522983.0"
"61267.0","0","61267.0"
"74271.0","0","74271.0"
"29165.0","0","29165.0"
"229976.0","0","229976.0"
"287966.0","0","287966.0"
"82987.0","1","82987.0"
"62110.0","1","62110.0"
"95059.0","0","95059.0"
"95382.0","0","95382.0"
"96109.0","0","96109.0"
"184586.0","0","184586.0"
"493676.0","0","493676.0"
"183391.0","0","183391.0"
"188080.0","0","188080.0"
"187790.0","0","187790.0"
"230421.0","0","230421.0"
"83525.0","0","83525.0"
"236078.0","0","236078.0"
"404525.0","0","404525.0"
"242739.0","0","242739.0"
"277445.0","0","277445.0"
"378721.0","0","378721.0"
"56969.0","0","56969.0"
"252605.0","0","252605.0"
"264481.0","0","264481.0"
"268658.0","0","268658.0"
"272412.0","0","272412.0"
"275746.0","0","275746.0"
"184788.0","0","184788.0"
"303152.0","0","303152.0"
"307139.0","0","307139.0"
"308219.0","0","308219.0"
"448843.0","0","448843.0"
"310082.0","0","310082.0"
"120440.0","0","120440.0"
"319517.0","0","319517.0"
"325658.0","0","325658.0"
"326788.0","0","326788.0"
"227967.0","0","227967.0"
"337004.0","0","337004.0"
"360531.0","0","360531.0"
"158403.0","0","158403.0"
"436588.0","0","436588.0"
"393495.0","0","393495.0"
"397096.0","0","397096.0"
"18063.0","0","18063.0"
"302919.0","0","302919.0"
"405753.0","0","405753.0"
"127632.0","0","127632.0"
"659755.0","0","659755.0"
"594886.0","0","594886.0"
"99721.0","0","99721.0"
"534701.0","0","534701.0"
"530817.0","0","530817.0"
"549678.0","0","549678.0"
"532095.0","0","532095.0"
"532347.0","0","532347.0"
"19624.0","0","19624.0"
"500023.0","0","500023.0"
"493382.0","0","493382.0"
"500165.0","0","500165.0"
"527767.0","0","527767.0"
"4988.0","0","4988.0"
"503155.0","0","503155.0"
"533018.0","0","533018.0"
"545861.0","0","545861.0"
"38956.0","0","38956.0"
"54439.0","0","54439.0"
"501833.0","0","501833.0"
"529728.0","0","529728.0"
"528229.0","0","528229.0"
"546631.0","0","546631.0"
"531569.0","0","531569.0"
"519233.0","0","519233.0"
"531500.0","0","531500.0"
"19964.0","0","19964.0"
"1450.0","0","1450.0"
"9427.0","0","9427.0"
"2541.0","0","2541.0"
"14704.0","0","14704.0"
"523542.0","0","523542.0"
"14417.0","0","14417.0"
"4034.0","0","4034.0"
"206.0","0","206.0"
"534610.0","0","534610.0"
"1941.0","0","1941.0"
"14788.0","0","14788.0"
"543492.0","0","543492.0"
"103165.0","0","103165.0"
"19817.0","0","19817.0"
"13462.0","0","13462.0"
"13278.0","0","13278.0"
"13796.0","0","13796.0"
"14223.0","0","14223.0"
"4448.0","0","4448.0"
"269284.0","0","269284.0"
"187878.0","0","187878.0"
"52126.0","0","52126.0"
"12716.0","0","12716.0"
"2430.0","0","2430.0"
"52150.0","0","52150.0"
"251267.0","0","251267.0"
"53568.0","0","53568.0"
"7227.0","0","7227.0"
"50099.0","0","50099.0"
"339305.0","0","339305.0"
"49716.0","1","49716.0"
"412353.0","0","412353.0"
"18950.0","0","18950.0"
"58128.0","0","58128.0"
"58639.0","0","58639.0"
"60176.0","0","60176.0"
"281524.0","0","281524.0"
"75100.0","0","75100.0"
"76020.0","0","76020.0"
"277346.0","0","277346.0"
"283399.0","0","283399.0"
"86356.0","0","86356.0"
"103167.0","0","103167.0"
"185200.0","0","185200.0"
"301970.0","0","301970.0"
"227502.0","0","227502.0"
"90022.0","0","90022.0"
"236827.0","0","236827.0"
"240247.0","0","240247.0"
"308800.0","0","308800.0"
"381920.0","0","381920.0"
"322896.0","0","322896.0"
"332431.0","0","332431.0"
"251783.0","0","251783.0"
"587555.0","0","587555.0"
"340026.0","0","340026.0"
"284462.0","0","284462.0"
"19364.0","0","19364.0"
"321718.0","0","321718.0"
"93124.0","0","93124.0"
"373685.0","0","373685.0"
"364560.0","0","364560.0"
"385158.0","0","385158.0"
"405738.0","0","405738.0"
"412650.0","0","412650.0"
"291351.0","0","291351.0"
"431421.0","0","431421.0"
"379677.0","0","379677.0"
"401194.0","0","401194.0"
"526667.0","0","526667.0"
"528013.0","0","528013.0"
"37586.0","1","37586.0"
"10245.0","1","10245.0"
"531032.0","0","531032.0"
"525948.0","0","525948.0"
"506098.0","0","506098.0"
"495116.0","0","495116.0"
"495370.0","0","495370.0"
"530398.0","0","530398.0"
"540886.0","0","540886.0"
"533923.0","0","533923.0"
"535042.0","0","535042.0"
"535139.0","0","535139.0"
"527296.0","0","527296.0"
"549976.0","0","549976.0"
"507276.0","0","507276.0"
"520495.0","0","520495.0"
"550208.0","0","550208.0"
"546919.0","0","546919.0"
"494638.0","0","494638.0"
"547654.0","0","547654.0"
"524806.0","0","524806.0"
"517192.0","0","517192.0"
"3601.0","0","3601.0"
"3130.0","0","3130.0"
"524454.0","0","524454.0"
"504525.0","0","504525.0"
"511832.0","0","511832.0"
"513876.0","0","513876.0"
"517425.0","0","517425.0"
"39571.0","0","39571.0"
"543696.0","0","543696.0"
"10958.0","0","10958.0"
"528153.0","0","528153.0"
"504171.0","0","504171.0"
"523800.0","0","523800.0"
"454.0","0","454.0"
"16688.0","0","16688.0"
"540688.0","0","540688.0"
"518942.0","0","518942.0"
"535262.0","0","535262.0"
"11145.0","1","11145.0"
"41122.0","0","41122.0"
"519156.0","0","519156.0"
"509882.0","0","509882.0"
"516786.0","0","516786.0"
"524495.0","0","524495.0"
"91503.0","0","91503.0"
"34636.0","0","34636.0"
"4798.0","0","4798.0"
"534890.0","0","534890.0"
"493461.0","0","493461.0"
"16000.0","0","16000.0"
"27653.0","0","27653.0"
"428919.0","0","428919.0"
"13940.0","0","13940.0"
"27503.0","0","27503.0"
"47441.0","0","47441.0"
"51300.0","0","51300.0"
"232974.0","0","232974.0"
"51679.0","0","51679.0"
"480620.0","0","480620.0"
"81435.0","0","81435.0"
"64111.0","0","64111.0"
"76966.0","0","76966.0"
"79579.0","0","79579.0"
"80932.0","0","80932.0"
"35151.0","0","35151.0"
"102016.0","0","102016.0"
"224511.0","0","224511.0"
"415262.0","0","415262.0"
"243497.0","0","243497.0"
"237575.0","0","237575.0"
"247005.0","0","247005.0"
"236553.0","0","236553.0"
"326176.0","0","326176.0"
"429098.0","0","429098.0"
"94744.0","0","94744.0"
"434977.0","0","434977.0"
"81231.0","0","81231.0"
"469946.0","0","469946.0"
"490715.0","0","490715.0"
"490915.0","0","490915.0"
"46450.0","0","46450.0"
"3931.0","0","3931.0"
"24346.0","0","24346.0"
"10936.0","0","10936.0"
"21161.0","0","21161.0"
"5958.0","0","5958.0"
"12327.0","0","12327.0"
"17535.0","0","17535.0"
"116698.0","0","116698.0"
"39091.0","0","39091.0"
"76852.0","0","76852.0"
"10253.0","0","10253.0"
"59812.0","0","59812.0"
"14246.0","0","14246.0"
"53176.0","0","53176.0"
"19694.0","0","19694.0"
"23764.0","0","23764.0"
"40936.0","0","40936.0"
"54660.0","0","54660.0"
"675.0","0","675.0"
"13269.0","0","13269.0"
"4434.0","0","4434.0"
"19628.0","0","19628.0"
"2497.0","0","2497.0"
"11227.0","0","11227.0"
"13432.0","0","13432.0"
"26638.0","0","26638.0"
"7064.0","0","7064.0"
"28465.0","0","28465.0"
"51315.0","0","51315.0"
"7083.0","0","7083.0"
"32424.0","0","32424.0"
"83111.0","0","83111.0"
"11721.0","0","11721.0"
"14127.0","0","14127.0"
"19470.0","0","19470.0"
"18814.0","0","18814.0"
"28058.0","0","28058.0"
"9326.0","0","9326.0"
"97190.0","0","97190.0"
"52021.0","0","52021.0"
"921.0","0","921.0"
"1456.0","0","1456.0"
"11649.0","0","11649.0"
"29224.0","0","29224.0"
"50050.0","1","50050.0"
"21381.0","0","21381.0"
"13849.0","0","13849.0"
"16770.0","0","16770.0"
"27751.0","0","27751.0"
"14013.0","0","14013.0"
"16282.0","0","16282.0"
"19356.0","0","19356.0"
"10923.0","1","10923.0"
"41290.0","0","41290.0"
"24896.0","1","24896.0"
"49579.0","0","49579.0"
"24834.0","0","24834.0"
"31487.0","0","31487.0"
"24794.0","0","24794.0"
"17400.0","0","17400.0"
"6971.0","0","6971.0"
"25493.0","0","25493.0"
"25509.0","0","25509.0"
"268390.0","0","268390.0"
"28402.0","0","28402.0"
"51890.0","0","51890.0"
"28740.0","0","28740.0"
"188356.0","0","188356.0"
"35714.0","0","35714.0"
"80907.0","0","80907.0"
"247549.0","0","247549.0"
"49889.0","0","49889.0"
"33983.0","0","33983.0"
"49986.0","0","49986.0"
"51330.0","0","51330.0"
"50095.0","0","50095.0"
"50440.0","0","50440.0"
"50560.0","0","50560.0"
"93830.0","0","93830.0"
"50526.0","1","50526.0"
"88857.0","0","88857.0"
"81245.0","0","81245.0"
"97711.0","0","97711.0"
"51135.0","0","51135.0"
"51201.0","0","51201.0"
"86257.0","0","86257.0"
"51884.0","0","51884.0"
"76587.0","1","76587.0"
"93308.0","0","93308.0"
"61447.0","0","61447.0"
"52648.0","0","52648.0"
"52841.0","0","52841.0"
"71463.0","0","71463.0"
"58725.0","0","58725.0"
"116835.0","0","116835.0"
"54229.0","0","54229.0"
"74876.0","0","74876.0"
"76135.0","0","76135.0"
"62167.0","0","62167.0"
"83980.0","0","83980.0"
"58501.0","0","58501.0"
"333313.0","0","333313.0"
"49912.0","0","49912.0"
"99056.0","0","99056.0"
"59982.0","0","59982.0"
"73647.0","0","73647.0"
"60923.0","0","60923.0"
"51758.0","0","51758.0"
"62592.0","0","62592.0"
"76309.0","0","76309.0"
"92329.0","0","92329.0"
"55387.0","0","55387.0"
"74585.0","0","74585.0"
"1951.0","0","1951.0"
"75859.0","0","75859.0"
"76311.0","0","76311.0"
"76505.0","0","76505.0"
"79135.0","0","79135.0"
"76530.0","1","76530.0"
"80469.0","0","80469.0"
"80517.0","0","80517.0"
"81445.0","0","81445.0"
"81700.0","0","81700.0"
"82676.0","0","82676.0"
"116521.0","0","116521.0"
"83812.0","0","83812.0"
"63867.0","0","63867.0"
"84492.0","0","84492.0"
"85644.0","0","85644.0"
"69929.0","0","69929.0"
"224369.0","0","224369.0"
"86520.0","1","86520.0"
"74920.0","0","74920.0"
"85389.0","0","85389.0"
"25669.0","0","25669.0"
"246194.0","0","246194.0"
"91979.0","0","91979.0"
"94082.0","0","94082.0"
"94412.0","0","94412.0"
"388772.0","0","388772.0"
"95191.0","0","95191.0"
"338933.0","0","338933.0"
"76308.0","0","76308.0"
"65035.0","0","65035.0"
"96912.0","0","96912.0"
"93167.0","0","93167.0"
"95527.0","0","95527.0"
"100200.0","0","100200.0"
"83992.0","0","83992.0"
"100953.0","0","100953.0"
"372244.0","0","372244.0"
"102247.0","0","102247.0"
"115497.0","0","115497.0"
"183398.0","0","183398.0"
"89977.0","0","89977.0"
"183101.0","0","183101.0"
"186306.0","0","186306.0"
"32551.0","0","32551.0"
"230319.0","0","230319.0"
"72377.0","0","72377.0"
"220801.0","0","220801.0"
"226715.0","0","226715.0"
"226840.0","0","226840.0"
"227069.0","0","227069.0"
"227301.0","0","227301.0"
"262071.0","0","262071.0"
"148995.0","0","148995.0"
"228729.0","0","228729.0"
"229506.0","0","229506.0"
"230839.0","0","230839.0"
"231577.0","0","231577.0"
"231904.0","0","231904.0"
"299460.0","0","299460.0"
"235195.0","0","235195.0"
"237666.0","0","237666.0"
"237940.0","0","237940.0"
"243840.0","0","243840.0"
"64068.0","0","64068.0"
"160513.0","0","160513.0"
"244438.0","0","244438.0"
"1918.0","0","1918.0"
"210344.0","0","210344.0"
"248099.0","0","248099.0"
"253967.0","0","253967.0"
"254952.0","0","254952.0"
"53046.0","0","53046.0"
"268389.0","0","268389.0"
"259215.0","0","259215.0"
"259400.0","0","259400.0"
"85768.0","0","85768.0"
"269526.0","0","269526.0"
"273418.0","0","273418.0"
"147239.0","0","147239.0"
"274321.0","0","274321.0"
"292104.0","0","292104.0"
"374480.0","0","374480.0"
"308628.0","0","308628.0"
"309258.0","0","309258.0"
"311122.0","0","311122.0"
"317187.0","0","317187.0"
"599688.0","0","599688.0"
"316755.0","0","316755.0"
"318289.0","0","318289.0"
"489527.0","0","489527.0"
"325484.0","0","325484.0"
"339667.0","0","339667.0"
"347729.0","0","347729.0"
"351605.0","0","351605.0"
"352441.0","0","352441.0"
"356517.0","0","356517.0"
"361327.0","0","361327.0"
"79648.0","0","79648.0"
"447689.0","0","447689.0"
"363867.0","0","363867.0"
"378049.0","0","378049.0"
"379142.0","0","379142.0"
"387225.0","0","387225.0"
"370163.0","0","370163.0"
"388144.0","0","388144.0"
"411027.0","0","411027.0"
"395780.0","0","395780.0"
"402232.0","0","402232.0"
"431466.0","0","431466.0"
"315061.0","0","315061.0"
"416540.0","0","416540.0"
"419569.0","0","419569.0"
"432060.0","0","432060.0"
"447577.0","0","447577.0"
"448226.0","0","448226.0"
"19922.0","0","19922.0"
"351977.0","0","351977.0"
"586997.0","0","586997.0"
"355835.0","0","355835.0"
"457387.0","0","457387.0"
"472496.0","0","472496.0"
"401060.0","0","401060.0"
"80097.0","0","80097.0"
"569047.0","0","569047.0"
"386074.0","0","386074.0"
"15994.0","0","15994.0"
"40757.0","0","40757.0"
"538385.0","0","538385.0"
"39717.0","0","39717.0"
"43557.0","0","43557.0"
"36945.0","0","36945.0"
"25785.0","0","25785.0"
"511685.0","0","511685.0"
"39189.0","0","39189.0"
"42488.0","0","42488.0"
"518720.0","0","518720.0"
"525991.0","0","525991.0"
"27169.0","0","27169.0"
"508390.0","0","508390.0"
"525507.0","0","525507.0"
"532774.0","0","532774.0"
"41282.0","0","41282.0"
"528265.0","0","528265.0"
"43948.0","0","43948.0"
"534872.0","0","534872.0"
"23796.0","0","23796.0"
"529437.0","0","529437.0"
"534729.0","0","534729.0"
"520681.0","0","520681.0"
"510190.0","0","510190.0"
"493326.0","0","493326.0"
"39716.0","0","39716.0"
"15943.0","0","15943.0"
"544421.0","0","544421.0"
"1801.0","0","1801.0"
"40108.0","0","40108.0"
"5799.0","0","5799.0"
"13382.0","0","13382.0"
"544960.0","0","544960.0"
"38199.0","0","38199.0"
"531347.0","0","531347.0"
"266045.0","0","266045.0"
"21689.0","0","21689.0"
"42909.0","0","42909.0"
"25696.0","0","25696.0"
"520377.0","0","520377.0"
"531069.0","0","531069.0"
"1784.0","0","1784.0"
"40355.0","0","40355.0"
"40335.0","0","40335.0"
"39750.0","0","39750.0"
"39851.0","0","39851.0"
"525430.0","0","525430.0"
"1269.0","0","1269.0"
"498964.0","0","498964.0"
"254.0","0","254.0"
"26304.0","0","26304.0"
"13345.0","0","13345.0"
"20843.0","0","20843.0"
"38726.0","0","38726.0"
"25767.0","0","25767.0"
"844.0","0","844.0"
"38590.0","0","38590.0"
"509808.0","0","509808.0"
"40579.0","0","40579.0"
"21593.0","0","21593.0"
"15944.0","0","15944.0"
"38941.0","0","38941.0"
"542980.0","0","542980.0"
"11132.0","0","11132.0"
"4882.0","0","4882.0"
"528776.0","0","528776.0"
"38630.0","0","38630.0"
"38211.0","0","38211.0"
"536906.0","0","536906.0"
"492456.0","0","492456.0"
"80954.0","0","80954.0"
"36397.0","0","36397.0"
"40418.0","0","40418.0"
"546398.0","0","546398.0"
"39680.0","0","39680.0"
"45534.0","0","45534.0"
"39241.0","0","39241.0"
"25692.0","0","25692.0"
"38423.0","0","38423.0"
"6737.0","0","6737.0"
"21592.0","0","21592.0"
"11226.0","0","11226.0"
"502560.0","0","502560.0"
"544164.0","0","544164.0"
"18837.0","0","18837.0"
"21248.0","0","21248.0"
"18604.0","0","18604.0"
"20135.0","0","20135.0"
"541005.0","0","541005.0"
"529561.0","0","529561.0"
"43699.0","0","43699.0"
"18891.0","0","18891.0"
"20085.0","0","20085.0"
"20204.0","0","20204.0"
"25571.0","0","25571.0"
"19311.0","0","19311.0"
"39173.0","0","39173.0"
"79012.0","0","79012.0"
"8851.0","0","8851.0"
"13334.0","0","13334.0"
"39917.0","0","39917.0"
"37061.0","0","37061.0"
"21045.0","0","21045.0"
"36956.0","0","36956.0"
"546236.0","0","546236.0"
"11078.0","0","11078.0"
"24450.0","0","24450.0"
"19909.0","0","19909.0"
"42796.0","0","42796.0"
"49678.0","0","49678.0"
"276805.0","0","276805.0"
"13272.0","0","13272.0"
"15700.0","0","15700.0"
"16863.0","0","16863.0"
"24782.0","0","24782.0"
"115758.0","0","115758.0"
"235958.0","0","235958.0"
"232500.0","0","232500.0"
"259077.0","0","259077.0"
"49175.0","0","49175.0"
"18288.0","0","18288.0"
"90137.0","0","90137.0"
"505509.0","0","505509.0"
"28860.0","0","28860.0"
"103599.0","0","103599.0"
"83390.0","1","83390.0"
"50618.0","0","50618.0"
"88080.0","0","88080.0"
"251098.0","0","251098.0"
"19809.0","0","19809.0"
"26032.0","0","26032.0"
"51414.0","0","51414.0"
"29492.0","0","29492.0"
"52409.0","0","52409.0"
"53078.0","0","53078.0"
"30611.0","0","30611.0"
"39712.0","0","39712.0"
"54576.0","0","54576.0"
"54671.0","0","54671.0"
"54739.0","0","54739.0"
"54743.0","0","54743.0"
"16559.0","0","16559.0"
"61246.0","0","61246.0"
"59347.0","0","59347.0"
"529738.0","0","529738.0"
"349941.0","0","349941.0"
"27341.0","0","27341.0"
"76141.0","0","76141.0"
"332735.0","0","332735.0"
"54059.0","0","54059.0"
"94060.0","0","94060.0"
"445602.0","0","445602.0"
"74706.0","0","74706.0"
"17752.0","0","17752.0"
"340266.0","0","340266.0"
"79759.0","0","79759.0"
"81342.0","0","81342.0"
"81906.0","0","81906.0"
"82025.0","0","82025.0"
"34013.0","0","34013.0"
"85631.0","0","85631.0"
"88060.0","0","88060.0"
"226694.0","0","226694.0"
"90463.0","0","90463.0"
"21109.0","0","21109.0"
"93081.0","0","93081.0"
"94623.0","0","94623.0"
"95725.0","0","95725.0"
"86389.0","0","86389.0"
"96529.0","0","96529.0"
"96963.0","0","96963.0"
"40688.0","0","40688.0"
"295103.0","0","295103.0"
"27838.0","0","27838.0"
"99825.0","0","99825.0"
"60545.0","0","60545.0"
"231022.0","0","231022.0"
"311567.0","0","311567.0"
"223412.0","0","223412.0"
"115251.0","0","115251.0"
"89499.0","0","89499.0"
"254782.0","0","254782.0"
"185011.0","0","185011.0"
"185354.0","0","185354.0"
"323694.0","0","323694.0"
"186019.0","0","186019.0"
"14305.0","0","14305.0"
"224311.0","0","224311.0"
"225390.0","0","225390.0"
"226435.0","0","226435.0"
"226782.0","0","226782.0"
"227831.0","0","227831.0"
"359111.0","0","359111.0"
"231241.0","0","231241.0"
"245036.0","0","245036.0"
"264888.0","0","264888.0"
"235103.0","0","235103.0"
"235865.0","0","235865.0"
"495661.0","0","495661.0"
"237135.0","0","237135.0"
"239164.0","0","239164.0"
"240376.0","0","240376.0"
"240454.0","0","240454.0"
"241921.0","0","241921.0"
"98311.0","0","98311.0"
"244952.0","0","244952.0"
"420621.0","0","420621.0"
"249566.0","0","249566.0"
"30759.0","0","30759.0"
"252135.0","0","252135.0"
"498619.0","0","498619.0"
"37156.0","0","37156.0"
"90577.0","0","90577.0"
"256467.0","0","256467.0"
"260971.0","0","260971.0"
"299911.0","0","299911.0"
"259123.0","0","259123.0"
"250170.0","0","250170.0"
"262995.0","0","262995.0"
"263357.0","0","263357.0"
"84697.0","0","84697.0"
"266142.0","0","266142.0"
"271659.0","0","271659.0"
"272795.0","0","272795.0"
"276005.0","0","276005.0"
"282280.0","0","282280.0"
"287265.0","0","287265.0"
"287750.0","0","287750.0"
"347852.0","0","347852.0"
"292171.0","0","292171.0"
"296426.0","0","296426.0"
"302310.0","0","302310.0"
"305601.0","0","305601.0"
"307959.0","0","307959.0"
"308228.0","0","308228.0"
"312385.0","0","312385.0"
"313422.0","0","313422.0"
"313647.0","0","313647.0"
"317721.0","0","317721.0"
"319560.0","0","319560.0"
"323402.0","0","323402.0"
"272183.0","0","272183.0"
"329708.0","0","329708.0"
"331730.0","0","331730.0"
"319205.0","0","319205.0"
"334401.0","0","334401.0"
"336579.0","0","336579.0"
"346403.0","0","346403.0"
"352215.0","0","352215.0"
"353033.0","0","353033.0"
"364881.0","0","364881.0"
"358757.0","0","358757.0"
"366312.0","0","366312.0"
"356764.0","0","356764.0"
"96004.0","0","96004.0"
"374294.0","0","374294.0"
"377086.0","0","377086.0"
"374881.0","0","374881.0"
"375988.0","0","375988.0"
"631275.0","0","631275.0"
"377799.0","0","377799.0"
"61609.0","0","61609.0"
"382645.0","0","382645.0"
"358335.0","0","358335.0"
"383409.0","0","383409.0"
"387257.0","0","387257.0"
"389553.0","0","389553.0"
"368390.0","0","368390.0"
"394438.0","0","394438.0"
"395024.0","0","395024.0"
"395508.0","0","395508.0"
"398291.0","0","398291.0"
"400544.0","0","400544.0"
"402876.0","0","402876.0"
"99171.0","0","99171.0"
"401206.0","0","401206.0"
"406372.0","0","406372.0"
"405261.0","0","405261.0"
"407291.0","0","407291.0"
"410765.0","0","410765.0"
"359622.0","0","359622.0"
"417791.0","0","417791.0"
"349296.0","0","349296.0"
"420984.0","0","420984.0"
"424836.0","0","424836.0"
"420418.0","0","420418.0"
"435503.0","0","435503.0"
"429748.0","0","429748.0"
"381156.0","0","381156.0"
"349044.0","0","349044.0"
"439891.0","0","439891.0"
"451175.0","0","451175.0"
"447040.0","0","447040.0"
"39455.0","0","39455.0"
"448025.0","0","448025.0"
"448594.0","0","448594.0"
"333752.0","0","333752.0"
"398260.0","0","398260.0"
"436039.0","0","436039.0"
"447236.0","0","447236.0"
"441339.0","0","441339.0"
"186401.0","0","186401.0"
"454995.0","0","454995.0"
"455950.0","0","455950.0"
"456141.0","0","456141.0"
"244204.0","0","244204.0"
"467595.0","0","467595.0"
"408395.0","0","408395.0"
"473037.0","0","473037.0"
"481290.0","0","481290.0"
"484955.0","0","484955.0"
"570053.0","0","570053.0"
"483466.0","0","483466.0"
"566521.0","0","566521.0"
"567024.0","0","567024.0"
"411469.0","0","411469.0"
"478723.0","0","478723.0"
"18733.0","0","18733.0"
"584207.0","0","584207.0"
"589021.0","0","589021.0"
"589062.0","0","589062.0"
"431834.0","0","431834.0"
"512939.0","0","512939.0"
"524398.0","0","524398.0"
"512318.0","0","512318.0"
"523034.0","0","523034.0"
"502186.0","0","502186.0"
"12876.0","0","12876.0"
"519455.0","0","519455.0"
"27298.0","0","27298.0"
"533421.0","0","533421.0"
"510720.0","0","510720.0"
"496719.0","0","496719.0"
"543510.0","0","543510.0"
"9895.0","0","9895.0"
"504966.0","0","504966.0"
"24521.0","0","24521.0"
"500849.0","0","500849.0"
"511864.0","0","511864.0"
"14960.0","1","14960.0"
"10688.0","0","10688.0"
"48707.0","0","48707.0"
"544945.0","0","544945.0"
"507719.0","0","507719.0"
"17974.0","0","17974.0"
"12791.0","0","12791.0"
"531702.0","0","531702.0"
"546362.0","0","546362.0"
"495152.0","0","495152.0"
"11127.0","0","11127.0"
"6174.0","0","6174.0"
"18417.0","0","18417.0"
"9245.0","0","9245.0"
"51295.0","0","51295.0"
"14953.0","0","14953.0"
"6004.0","0","6004.0"
"1936.0","0","1936.0"
"17939.0","0","17939.0"
"14148.0","0","14148.0"
"84602.0","0","84602.0"
"267839.0","0","267839.0"
"5133.0","0","5133.0"
"25621.0","0","25621.0"
"1799.0","1","1799.0"
"46679.0","0","46679.0"
"93416.0","0","93416.0"
"28643.0","1","28643.0"
"49737.0","0","49737.0"
"96434.0","0","96434.0"
"50063.0","0","50063.0"
"49679.0","1","49679.0"
"18272.0","0","18272.0"
"411893.0","0","411893.0"
"21805.0","0","21805.0"
"97077.0","0","97077.0"
"86626.0","0","86626.0"
"15457.0","0","15457.0"
"283401.0","0","283401.0"
"95428.0","0","95428.0"
"26397.0","1","26397.0"
"188631.0","0","188631.0"
"87926.0","0","87926.0"
"348596.0","0","348596.0"
"232107.0","0","232107.0"
"413661.0","0","413661.0"
"267315.0","0","267315.0"
"273765.0","0","273765.0"
"285888.0","0","285888.0"
"27179.0","0","27179.0"
"279500.0","0","279500.0"
"99926.0","0","99926.0"
"327650.0","0","327650.0"
"525199.0","1","525199.0"
"534189.0","0","534189.0"
"518633.0","0","518633.0"
"63812.0","0","63812.0"
"1264.0","1","1264.0"
"25757.0","0","25757.0"
"2184.0","0","2184.0"
"14985.0","0","14985.0"
"523.0","0","523.0"
"34755.0","0","34755.0"
"370661.0","0","370661.0"
"352151.0","0","352151.0"
"392191.0","0","392191.0"
"459251.0","0","459251.0"
"585699.0","0","585699.0"
"45949.0","0","45949.0"
"33331.0","0","33331.0"
"46041.0","0","46041.0"
"17866.0","0","17866.0"
"415753.0","0","415753.0"
"306205.0","1","306205.0"
"482425.0","0","482425.0"
"518699.0","0","518699.0"
"10900.0","0","10900.0"
"544807.0","0","544807.0"
"79059.0","1","79059.0"
"546000.0","0","546000.0"
"24906.0","0","24906.0"
"60424.0","0","60424.0"
"14101.0","0","14101.0"
"52664.0","0","52664.0"
"241282.0","0","241282.0"
"75773.0","0","75773.0"
"411719.0","0","411719.0"
"337322.0","0","337322.0"
"161191.0","0","161191.0"
"339547.0","0","339547.0"
"252963.0","0","252963.0"
"642204.0","0","642204.0"
"251097.0","0","251097.0"
"264547.0","0","264547.0"
"300027.0","0","300027.0"
"270783.0","1","270783.0"
"230585.0","0","230585.0"
"407766.0","0","407766.0"
"414017.0","0","414017.0"
"419391.0","0","419391.0"
"21553.0","0","21553.0"
"17949.0","0","17949.0"
"11163.0","0","11163.0"
"28763.0","0","28763.0"
"13068.0","0","13068.0"
"16128.0","0","16128.0"
"54097.0","0","54097.0"
"233058.0","0","233058.0"
"28781.0","1","28781.0"
"53098.0","1","53098.0"
"84401.0","0","84401.0"
"274135.0","0","274135.0"
"82218.0","0","82218.0"
"83347.0","0","83347.0"
"92793.0","0","92793.0"
"95743.0","0","95743.0"
"362203.0","0","362203.0"
"103595.0","0","103595.0"
"185834.0","0","185834.0"
"229272.0","0","229272.0"
"230181.0","0","230181.0"
"234165.0","0","234165.0"
"236925.0","0","236925.0"
"337132.0","1","337132.0"
"19363.0","0","19363.0"
"334051.0","0","334051.0"
"271723.0","0","271723.0"
"272021.0","0","272021.0"
"98307.0","0","98307.0"
"331813.0","0","331813.0"
"296631.0","0","296631.0"
"297707.0","0","297707.0"
"314107.0","0","314107.0"
"334273.0","0","334273.0"
"334847.0","0","334847.0"
"352770.0","0","352770.0"
"365750.0","0","365750.0"
"366395.0","0","366395.0"
"91174.0","0","91174.0"
"65159.0","0","65159.0"
"413936.0","0","413936.0"
"473582.0","0","473582.0"
"564954.0","0","564954.0"
"22464.0","0","22464.0"
"25121.0","0","25121.0"
"10128.0","0","10128.0"
"9269.0","1","9269.0"
"52739.0","0","52739.0"
"52788.0","0","52788.0"
"33932.0","0","33932.0"
"54861.0","0","54861.0"
"77294.0","0","77294.0"
"283319.0","0","283319.0"
"83137.0","0","83137.0"
"137549.0","0","137549.0"
"89148.0","0","89148.0"
"91645.0","0","91645.0"
"184226.0","0","184226.0"
"226919.0","0","226919.0"
"245468.0","0","245468.0"
"276633.0","0","276633.0"
"245626.0","0","245626.0"
"427523.0","0","427523.0"
"351735.0","0","351735.0"
"364596.0","0","364596.0"
"371452.0","0","371452.0"
"417808.0","0","417808.0"
"420290.0","0","420290.0"
"420346.0","0","420346.0"
"185956.0","0","185956.0"
"459869.0","0","459869.0"
"143545.0","0","143545.0"
"226544.0","0","226544.0"
"575573.0","0","575573.0"
"24737.0","0","24737.0"
"26375.0","0","26375.0"
"247147.0","0","247147.0"
"28712.0","0","28712.0"
"31670.0","0","31670.0"
"100374.0","0","100374.0"
"19469.0","1","19469.0"
"111545.0","0","111545.0"
"412648.0","0","412648.0"
"36174.0","0","36174.0"
"22454.0","0","22454.0"
"16633.0","0","16633.0"
"10546.0","0","10546.0"
"3862.0","0","3862.0"
"298379.0","0","298379.0"
"59865.0","0","59865.0"
"23449.0","0","23449.0"
"53056.0","0","53056.0"
"52401.0","0","52401.0"
"50478.0","0","50478.0"
"50611.0","0","50611.0"
"74233.0","0","74233.0"
"52327.0","0","52327.0"
"58580.0","0","58580.0"
"56200.0","0","56200.0"
"17440.0","0","17440.0"
"59594.0","0","59594.0"
"152249.0","0","152249.0"
"60825.0","0","60825.0"
"81179.0","0","81179.0"
"202780.0","1","202780.0"
"236860.0","0","236860.0"
"74185.0","0","74185.0"
"75204.0","0","75204.0"
"77158.0","0","77158.0"
"90773.0","0","90773.0"
"78887.0","0","78887.0"
"65165.0","0","65165.0"
"74294.0","0","74294.0"
"83090.0","0","83090.0"
"98939.0","0","98939.0"
"87281.0","0","87281.0"
"88986.0","0","88986.0"
"142021.0","0","142021.0"
"186400.0","0","186400.0"
"87137.0","0","87137.0"
"121881.0","0","121881.0"
"103116.0","0","103116.0"
"110671.0","0","110671.0"
"17845.0","0","17845.0"
"88650.0","0","88650.0"
"185008.0","0","185008.0"
"223995.0","0","223995.0"
"188229.0","0","188229.0"
"188477.0","0","188477.0"
"111105.0","0","111105.0"
"233833.0","0","233833.0"
"244915.0","0","244915.0"
"13268.0","0","13268.0"
"121480.0","0","121480.0"
"268889.0","0","268889.0"
"271949.0","0","271949.0"
"282988.0","0","282988.0"
"266374.0","0","266374.0"
"326445.0","0","326445.0"
"361395.0","0","361395.0"
"405945.0","0","405945.0"
"233314.0","0","233314.0"
"384649.0","0","384649.0"
"369724.0","0","369724.0"
"236867.0","0","236867.0"
"562466.0","0","562466.0"
"564552.0","0","564552.0"
"656337.0","0","656337.0"
"34863.0","0","34863.0"
"20469.0","0","20469.0"
"14180.0","0","14180.0"
"6999.0","1","6999.0"
"59521.0","0","59521.0"
"339362.0","0","339362.0"
"447313.0","0","447313.0"
"471287.0","0","471287.0"
"54662.0","1","54662.0"
"386645.0","0","386645.0"
"403676.0","0","403676.0"
"414283.0","0","414283.0"
