industry,date_y,index_x_x,size_real_x,target_founded_x,index_x_y,size_real_y,target_founded_y
Alternative Medicine,2011,54662.0,121882.867894985,2010.0,,,
Alternative Medicine,2019,401534.6666666667,5233789.706510879,2004.6666666666667,13942.874249355229,5881533.886629242,2.081665999466142
Biotechnology,2000,378150.4,12443534.190625548,2000.1076923076923,225806.23990359524,18133606.274542347,0.5038314736557772
Biotechnology,2001,300484.45945945947,11875040.992455753,2000.6148648648648,244095.36076319436,16392073.427503932,0.5284253163386662
Biotechnology,2002,266552.7379032258,21861528.544397444,2000.7862903225807,249557.5554611091,32691983.65926035,0.690224944547734
Biotechnology,2003,257382.68681318683,16509443.978540722,2001.1868131868132,247635.3542371323,23770808.515614845,1.0813546641409177
Biotechnology,2004,167225.3950617284,35515413.524849616,2001.5061728395062,227056.92162800313,59030676.20162511,1.2870591313829607
Biotechnology,2005,151811.14153846152,27067336.787538428,2002.1538461538462,226597.81227668253,24631786.09636334,1.35435704337874
Biotechnology,2006,110942.55981941309,34091673.055591755,2002.7426636568848,193939.64327262502,25331811.469974678,1.7493784655061924
Biotechnology,2007,57228.5,32159012.316897564,2003.0964125560538,138984.94655374443,25858815.64887392,1.8632183465560086
Biotechnology,2008,60231.669902912625,24242246.607170366,2003.9223300970873,139781.06967356303,23787775.97513208,2.4851088470308293
Biotechnology,2009,28027.466487935657,20391002.108889695,2004.0509383378017,64329.38455188899,31232255.91089898,2.657932017900095
Biotechnology,2010,51693.648148148146,15546506.432324456,2004.75,103096.33678669459,18722814.95649799,2.632700999180104
Biotechnology,2011,31405.452991452992,19830546.031929474,2004.3817663817663,54135.56602744034,23610982.931095913,2.8197483701531065
Biotechnology,2012,35081.39312039312,17952368.826349206,2004.7788697788699,56355.04881139515,20283398.797230765,3.0601918385799514
Biotechnology,2013,49285.74137931035,16911962.45105531,2005.5931034482758,72402.95783711215,22954027.175095443,2.9116079618515647
Biotechnology,2014,66435.63636363637,23718614.313390657,2006.2386363636363,72981.10314651854,32110756.06129788,2.93323355767303
Biotechnology,2015,110284.59561128527,44639815.66783142,2006.4639498432603,113570.35913522178,61943995.183023274,3.1639356428652436
Biotechnology,2016,112555.90875912408,23565852.089928627,2006.6204379562043,111237.92903638128,28550699.42679401,2.9788789760599177
Biotechnology,2017,152869.24277456646,35967713.01473578,2007.5260115606936,122580.76153447141,63791996.689682126,2.6205060624088534
Biotechnology,2018,197909.38955823294,39993935.350458086,2006.2449799196788,134821.32678049,59470901.34126153,3.211657335759365
Biotechnology,2019,165644.68458781362,53928802.116092116,2006.7921146953406,140677.99812905354,86217409.42066957,3.083923650209888
Biotechnology,2020,210302.9452887538,52235363.03606961,2006.1337386018238,172970.21031613497,93205943.53100261,3.178680650107054
Dental Products & Services,2002,518699.0,150715.07150715071,2001.0,,,
Dental Products & Services,2004,518699.0,13306937.923839333,2001.0,0.0,0.0,0.0
Dental Products & Services,2005,264799.5,3300657.1615790306,2002.5,359068.11637974763,4134312.8613314503,2.1213203435596424
Dental Products & Services,2006,544807.0,3258671.9524281463,2000.0,,,
Dental Products & Services,2007,79059.0,3299566.961941784,2006.0,0.0,0.0,0.0
Dental Products & Services,2008,289412.1666666667,5969279.800644425,2002.3333333333333,281310.1017350189,4563871.714250744,2.6583202716502634
Dental Products & Services,2009,95700.0,2101889.1149236555,2005.5,183171.9699961916,3002604.30546995,2.390457218668799
Dental Products & Services,2010,17702.666666666668,2558358.1102476795,2006.3333333333333,5579.678007436152,2514164.2075712127,1.0327955589886035
Dental Products & Services,2011,129408.07142857143,7792309.043811298,2005.2142857142858,184558.35360726775,13782488.497873565,2.3592231912080712
Dental Products & Services,2012,111237.76923076923,6168218.3971204255,2006.6923076923076,115855.79866882929,5552331.048643541,1.0315534712765002
Dental Products & Services,2013,152493.58333333334,9128958.286745716,2007.6666666666667,138460.56113004516,9418464.60362416,1.9694638556691866
Dental Products & Services,2014,70185.45454545454,21679446.47897533,2006.5454545454545,65060.22662635542,18046149.289437875,0.6875516509522984
Dental Products & Services,2015,142459.66666666666,864457.3234077906,2007.6666666666667,109397.39704551171,288503.59135821095,2.5166114784235796
Dental Products & Services,2016,180855.7857142857,36816496.409637086,2007.107142857143,147515.86325302685,55016860.61813881,1.7709442075467454
Dental Products & Services,2017,96700.58333333333,28989145.521308612,2006.75,65436.84643915471,27794873.776033342,1.5447859516333315
Dental Products & Services,2018,181323.88888888888,26558901.24564329,2007.0,114642.6010886054,42956928.93064929,2.179449471770363
Dental Products & Services,2019,158887.33333333334,54083231.230323754,2006.0416666666667,139930.44788709874,40524808.02832806,1.899179838238332
Dental Products & Services,2020,134308.6,9916495.793037143,2006.8,126695.01441572198,20366996.43850659,1.6431676725155036
Disease Diagnosis,2000,538854.625,1520793.3991096732,2000.0,9026.705979441575,1033882.130668332,0.0
Disease Diagnosis,2001,453454.4,4090999.9191773017,2000.2666666666667,179748.45640537303,6066226.269807243,0.45773770821704113
Disease Diagnosis,2002,380894.8823529412,30966990.401881453,2000.7058823529412,226020.66279487655,53070158.072652645,0.6859943405701694
Disease Diagnosis,2003,529563.8666666667,13361244.565644566,2001.4,12530.868906519652,15165738.159628795,1.1832159566199585
Disease Diagnosis,2004,354903.1111111111,4429484.457561659,2001.1666666666667,238319.13338455098,4243648.657011233,1.4245742398013752
Disease Diagnosis,2005,286371.5333333333,9953384.132953811,2001.6,269606.0497985551,9933100.378175134,1.3522468075655325
Disease Diagnosis,2006,188986.2972972973,5139022.911838546,2003.2432432432433,249605.52547123286,5146904.953067442,1.4415540496554153
Disease Diagnosis,2007,153358.9411764706,9041932.217267506,2003.6470588235295,233956.5693470972,12417026.047603823,1.3230440781767863
Disease Diagnosis,2008,72829.78947368421,9923991.016177252,2003.4736842105262,164915.17534699768,10778639.829706252,2.7561732942741717
Disease Diagnosis,2009,84455.22448979592,15798335.666585095,2003.9795918367347,174689.684625131,16793369.89710636,1.9092952006605295
Disease Diagnosis,2010,44920.34375,15247349.625138719,2004.328125,119988.91391426296,11604626.01987498,2.7605767024588106
Disease Diagnosis,2011,45150.86,9714212.481774103,2005.94,67174.28569606021,9390174.0178924,2.802404215625478
Disease Diagnosis,2012,38970.61363636364,28992456.928513538,2006.909090909091,59041.35514737063,25730469.575189833,2.1761731059114697
Disease Diagnosis,2013,25991.8,20859565.743226286,2006.0,23926.247809122295,28543186.973600928,2.222875720904799
Disease Diagnosis,2014,66537.33333333333,8127677.258949315,2006.1515151515152,75528.92918141808,10020219.124463748,2.8627042735106016
Disease Diagnosis,2015,87957.6724137931,59787920.37973204,2006.8620689655172,107982.52815112428,155812037.15299335,2.357877992335324
Disease Diagnosis,2016,159154.2962962963,8090248.553306216,2006.888888888889,154001.3505282477,13107320.45265866,2.7221786146864253
Disease Diagnosis,2017,109745.41509433962,51531616.8211064,2007.132075471698,112733.28661106298,86114009.86800303,3.1258090389595434
Disease Diagnosis,2018,189026.59375,98107562.6781714,2006.5625,133230.72880215067,463425643.771026,3.472820736946803
Disease Diagnosis,2019,227306.46666666667,18241091.740900595,2006.8,164986.44599580427,15265724.399650259,3.5174442132183996
Disease Diagnosis,2020,184690.06896551725,14071483.15267964,2006.8620689655172,144207.73639810903,25568779.96116943,3.49207406576491
Drug Delivery,2000,518668.5,1203018.894705808,2000.0,8102.736605616648,1050639.9987792023,0.0
Drug Delivery,2001,382389.13333333336,5814877.961686083,2000.1333333333334,228563.0629053943,4954804.374365788,0.3518657752746054
Drug Delivery,2002,389980.75,2933159.1975731985,2000.875,235082.74693438114,2992434.668432957,0.9910312089651341
Drug Delivery,2003,339315.1818181818,2519132.534340194,2001.8181818181818,249830.03077965553,1405355.7470899695,1.470930441467712
Drug Delivery,2004,217604.0,6148685.654032496,2003.1,257587.212205023,7125943.7766624605,0.9944289260118271
Drug Delivery,2005,235666.7619047619,7780380.668482765,2001.5714285714287,258289.53145644613,5816981.370556372,1.5991068935949135
Drug Delivery,2006,281873.1818181818,12499087.530101152,2002.4545454545455,262025.41030015322,15001190.984722748,2.0670576365276947
Drug Delivery,2007,70902.175,14012554.601985807,2003.325,148455.04112639755,17898681.155722503,2.06791732215818
Drug Delivery,2008,31400.290322580644,28027356.693555847,2002.0645161290322,48071.26436739074,25332140.836310484,1.7876517906827178
Drug Delivery,2009,33754.52631578947,19589473.075111084,2003.842105263158,47638.37380001651,14000537.31298698,2.5097250392032677
Drug Delivery,2010,68729.7435897436,12467205.08098594,2004.5384615384614,126628.5402771508,13829413.729804587,2.113193565325738
Drug Delivery,2011,32638.425531914894,61659280.2529968,2004.5531914893618,60611.83783134485,66771745.410297014,2.6849703312934197
Drug Delivery,2012,48289.73333333333,7681165.688698107,2005.8,68690.6610656652,9017670.765329178,2.8334733858943335
Drug Delivery,2013,44883.23809523809,18180144.989491764,2004.904761904762,55434.67666795853,18927825.062967423,2.7102808193647316
Drug Delivery,2014,39645.653846153844,58053936.7235233,2006.3076923076924,58008.680029762654,194731013.11618802,2.074015058175464
Drug Delivery,2015,147559.1052631579,28205256.62885024,2005.5,155264.49161973436,38211875.748213425,3.2278350203997666
Drug Delivery,2016,91074.93103448275,17207935.118715838,2007.7931034482758,73057.323271295,15365565.043371825,2.4839385537722896
Drug Delivery,2017,157884.0,47952540.91918756,2007.0,112672.32052061411,98976417.76570784,1.8708286933869707
Drug Delivery,2018,93613.73529411765,34754657.17070291,2008.4705882352941,66349.47838451713,31470064.841980558,1.618740515220114
Drug Delivery,2019,172865.66666666666,17045197.09900849,2006.3333333333333,126789.49038728197,27908421.93776874,3.0628340439782784
Drug Delivery,2020,110498.34615384616,21073277.980652213,2006.1153846153845,107232.87560741518,15544266.544791948,4.072610200615081
Drug Development,2000,491504.9811320755,7982051.707289894,2000.0,120390.21091346294,24879005.14553056,0.0
Drug Development,2001,467524.6923076923,7769641.396711771,2000.4615384615386,156409.16476870643,9562188.104733096,0.501745206004213
Drug Development,2002,367310.28282828286,9289868.59674285,2000.858585858586,232537.44116014292,11076736.385434425,0.9259314230579405
Drug Development,2003,342109.4025974026,13868844.818386935,2001.5064935064936,239643.38542884155,20547663.917490456,1.2420629764456377
Drug Development,2004,182454.42105263157,26335225.18043618,2001.3508771929824,237457.5585288369,27075258.758785807,1.4633121367513138
Drug Development,2005,132572.37068965516,31190157.61353769,2001.3706896551723,210756.83400476852,34379804.68299251,1.5124421507518035
Drug Development,2006,77092.3,31161607.510316998,2003.0272727272727,169526.5712149032,29544150.64177721,1.9368900207447064
Drug Development,2007,53658.44298245614,26489339.848219085,2003.6666666666667,124820.17672435392,24923731.53980652,2.2059857163886023
Drug Development,2008,20971.85,22658552.240344577,2003.8125,50549.26354578653,20458523.621552207,2.235188847142478
Drug Development,2009,24985.014925373136,20259385.078607056,2004.8457711442786,61976.653346520536,20421847.027414545,2.3475720494509473
Drug Development,2010,39928.57786885246,12365194.577042017,2004.8647540983607,94299.3787975891,12762390.957924511,2.4965300076709633
Drug Development,2011,24728.87162162162,18375510.39104087,2005.087837837838,38360.02760948449,26086994.219420325,2.994750331245593
Drug Development,2012,32775.564245810056,14470940.516235666,2005.1564245810057,40513.892645097556,12274784.062493872,2.94101193290758
Drug Development,2013,45019.06976744186,24998329.564026512,2005.6279069767443,65659.5781555888,22691898.40903163,2.9767263569885767
Drug Development,2014,75301.35028248587,47620265.07170053,2005.8983050847457,85495.7085621674,96993493.86154269,2.7983045714460917
Drug Development,2015,60366.365296803655,47169327.85206402,2005.283105022831,86161.82227003713,39415435.78292078,2.949457646136096
Drug Development,2016,153070.625,44570584.71398056,2006.8823529411766,154442.08023616218,109211359.68117227,3.1857525967726854
Drug Development,2017,130121.42,41243489.376770705,2006.1533333333334,127469.10160033124,90413367.95992066,3.140419898113216
Drug Development,2018,154099.1242937853,90203511.77143791,2006.8474576271187,136468.42520822908,136368964.7250686,3.1450550616044053
Drug Development,2019,226788.4024390244,39064238.82384758,2006.780487804878,148923.1505028342,62135925.12778819,2.8715844592486346
Drug Development,2020,290144.07537688443,55459399.6937325,2005.788944723618,156688.0673975757,59533876.20009295,3.185459133448131
Drug Discovery,2000,18511.583333333332,11022197.14498331,2000.0833333333333,21295.714952920946,9772049.424784929,0.28867513459480226
Drug Discovery,2001,25713.633333333335,13913408.87845685,2000.5666666666666,25478.192301061805,6292402.695772025,0.504006932993682
Drug Discovery,2002,7378.896551724138,52023721.22427798,2000.603448275862,5097.425585837011,34991109.143374525,0.6993645028195724
Drug Discovery,2003,21403.48148148148,19163113.539295975,2000.8148148148148,18174.501394854466,20881604.657962617,0.7357380928772236
Drug Discovery,2004,10893.566666666668,43752879.10197453,2000.6333333333334,12484.591559967392,27615716.295467965,0.8629210672834161
Drug Discovery,2005,17644.725,39688306.66592132,2001.6625,36122.17878851921,38039669.25039952,1.7926979173259572
Drug Discovery,2006,10280.648648648648,22595849.12418679,2002.5945945945946,8214.361925636424,40434240.82613505,1.9215077913430898
Drug Discovery,2007,14045.408450704226,24230520.44755765,2002.661971830986,9224.180374858655,22558815.231731206,2.1642792397856727
Drug Discovery,2008,16887.4875,38492984.53359844,2004.2625,28384.527044127914,66512691.812788785,2.231782791935596
Drug Discovery,2009,28539.231884057972,12452903.983753134,2005.231884057971,79101.36972658506,13899161.684271775,2.2370209151001
Drug Discovery,2010,23893.113924050635,21284254.986562945,2004.7974683544303,29614.564906299383,25754768.31209384,2.784479635755028
Drug Discovery,2011,34707.25,5910547.288453128,2005.638888888889,52338.487911110205,5033919.991804359,2.7061071436688704
Drug Discovery,2012,28244.489361702126,12070556.00228491,2005.3617021276596,45146.46223554792,11589262.156947842,2.9149206262211216
Drug Discovery,2013,33967.90566037736,15362607.58859761,2005.0188679245282,31843.670950238804,19858311.99723246,2.845310352395933
Drug Discovery,2014,49735.168831168834,30670077.32181585,2005.1948051948052,64248.56137533407,26216954.415584344,3.187306076821162
Drug Discovery,2015,87448.13333333333,31234997.729033686,2007.0666666666666,103042.42359112378,37517338.761885025,2.5651072649889257
Drug Discovery,2016,179471.64705882352,16365392.860436268,2008.1764705882354,161287.1825591471,43017270.094816774,1.944070925842437
Drug Discovery,2017,107734.51351351352,21249247.340537988,2006.2972972972973,117320.33078371882,25845966.307915952,3.479023369223535
Drug Discovery,2018,167090.9411764706,25843893.666361663,2008.0392156862745,140495.09684831166,30215426.459579986,1.611965065548585
Drug Discovery,2019,145611.21538461538,72369271.62070797,2007.2769230769231,124864.01600184552,355218450.28120977,2.8641517740188287
Drug Discovery,2020,216863.77049180327,62067856.022138976,2006.1803278688524,191488.58037042257,149011058.8817974,3.471350345909086
Drug Manufacturing,2003,21553.0,14980863.860032804,2002.0,,,
Drug Manufacturing,2004,16252.5,1893338.9831070108,2004.0,3393.0,544196.6386331858,0.0
Drug Manufacturing,2006,28763.0,59684526.79018528,2009.0,,,
Drug Manufacturing,2007,16190.8125,13155845.899175161,2003.625,2519.2976327738643,14841003.697760243,1.0878112581387502
Drug Manufacturing,2008,16514.428571428572,12437946.731501797,2005.857142857143,5886.430521607665,10286125.365538405,1.6761634196950363
Drug Manufacturing,2009,34246.07142857143,7975855.348561267,2004.357142857143,58314.67520070515,7520624.193965,1.1507283885330222
Drug Manufacturing,2010,21806.11111111111,30211992.831332967,2005.3333333333333,14811.430555861614,34825263.25047169,1.5811388300841898
Drug Manufacturing,2011,29607.875,10222081.918842515,2005.4375,22227.306068212587,18764296.23856747,3.0103986446980593
Drug Manufacturing,2012,93391.875,25960387.260542136,2007.375,77048.9380671003,51084495.34097525,1.302470180629354
Drug Manufacturing,2013,101593.5,6969871.920787459,2006.4,95341.53515680118,8272662.267442966,3.3065591380366146
Drug Manufacturing,2014,87737.2,18860684.31343382,2007.0,62193.32378250731,30536793.208662573,2.4279079146675318
Drug Manufacturing,2015,87234.42857142857,19264168.539105438,2006.7857142857142,97254.31485599953,14296386.38953577,2.2249830225306195
Drug Manufacturing,2016,169381.92857142858,20349305.79886627,2007.9285714285713,147230.04649002882,11826756.236704614,2.813819897858056
Drug Manufacturing,2017,214359.92307692306,46714684.464099534,2006.3076923076924,105002.92505565542,74249704.92415248,3.0925883276153026
Drug Manufacturing,2018,244353.70588235295,72359692.01878697,2007.8235294117646,139835.23731241917,58885045.35866888,3.066661338443798
Drug Manufacturing,2019,131009.35,37868645.21443905,2006.2,134826.6171461762,34846513.16228874,3.1220775808830576
Drug Manufacturing,2020,261122.26666666666,45362983.54840065,2006.7333333333333,140004.6739673358,38216812.62474537,2.1468793419963834
Elective & Aesthetic Medicine,2000,25194.0,4046072.061429415,2007.0,,,
Elective & Aesthetic Medicine,2001,25194.0,156036.4464692483,2007.0,,,
Elective & Aesthetic Medicine,2002,36571.333333333336,3082370.937727733,2003.0,9853.059693990153,2535876.9492191034,3.4641016151377544
Elective & Aesthetic Medicine,2003,25194.0,150054.76451259584,2007.0,,,
Elective & Aesthetic Medicine,2004,12427.6,15756869.504736418,2002.2,7136.634556988329,8232837.382980855,2.683281572999751
Elective & Aesthetic Medicine,2005,296696.8,8706902.601743592,2004.0,270212.35107448365,501945.87339775433,0.0
Elective & Aesthetic Medicine,2006,3120.8928571428573,15202666.694725612,2004.7857142857142,2958.644401038918,8219254.60298746,1.9120890816289857
Elective & Aesthetic Medicine,2007,4617.0,32985500.82584137,2002.0,0.0,0.0,0.0
Elective & Aesthetic Medicine,2008,74922.125,9164415.086405076,2004.125,169352.39776567128,3982794.021125784,1.356202681860545
Elective & Aesthetic Medicine,2009,6430.0,13965338.274734933,2002.3333333333333,4209.0,4750965.343592104,1.9999999999999858
Elective & Aesthetic Medicine,2010,15983.0,9461369.52748401,2005.0,0.0,0.0,0.0
Elective & Aesthetic Medicine,2011,12665.57142857143,29905969.774575584,2002.4285714285713,19334.513560445415,24703089.42580382,1.6183471874253659
Elective & Aesthetic Medicine,2012,270859.2,10902282.225525161,2005.6,196495.8688654802,9670069.167242503,2.6076809620810617
Elective & Aesthetic Medicine,2014,100800.0,6733758.306523884,2006.25,82423.35041722097,6983876.508274169,4.11298755975101
Elective & Aesthetic Medicine,2015,87608.0,6641241.73182622,2008.75,64486.32447788187,10950351.934488323,1.8929694486001163
Elective & Aesthetic Medicine,2016,14961.2,23120478.04413215,2002.8,21807.488381542502,25036254.32191431,1.686548085423128
Elective & Aesthetic Medicine,2017,83418.875,58758248.05110074,2004.5625,100063.28528078285,139617860.96297264,3.6142080737002518
Elective & Aesthetic Medicine,2018,56338.0,5442081.68992566,2006.0,,,
Elective & Aesthetic Medicine,2019,202445.0,14170726.915978624,2006.0,151500.93206533967,13078121.49943686,2.160246899469287
Elective & Aesthetic Medicine,2020,44562.5,2014727.1803136393,2004.75,23550.999999999996,1102052.1275733258,2.500000000000019
Health & Wellness (non-internet/mobile)…,2003,25121.0,7573983.739837399,2000.0,0.0,0.0,0.0
Health & Wellness (non-internet/mobile)…,2004,10128.0,2928915.0187065736,2001.0,0.0,0.0,0.0
Health & Wellness (non-internet/mobile)…,2007,9269.0,11927160.165413173,2004.0,0.0,0.0,0.0
Health & Wellness (non-internet/mobile)…,2009,20780.75,636734.5172879578,2002.75,21305.5,4133.675247459041,3.5
Health & Wellness (non-internet/mobile)…,2010,10128.0,1372557.9489047772,2001.0,0.0,0.0,0.0
Health & Wellness (non-internet/mobile)…,2011,46486.333333333336,6235119.477627363,2003.6666666666667,10872.399198582314,10267005.128483487,3.785938897200195
Health & Wellness (non-internet/mobile)…,2012,107714.66666666667,882099.7818098172,2006.1666666666667,95470.53533036602,1045338.3463102039,4.262237284181469
Health & Wellness (non-internet/mobile)…,2013,80670.0,1309019.3859539027,2006.5,18657.83440452473,1129598.3969214004,1.7320508075688772
Health & Wellness (non-internet/mobile)…,2014,95333.0,7174698.092622034,2003.3333333333333,87107.57377518903,9304247.852525309,4.041451884327364
Health & Wellness (non-internet/mobile)…,2015,193613.85714285713,1705723.70962518,2008.5714285714287,83181.17200710863,1028352.4921026553,2.99205296617238
Health & Wellness (non-internet/mobile)…,2016,223841.75,1723141.3736032383,2008.625,87493.56918205066,1110012.4988617753,3.1139088893910816
Health & Wellness (non-internet/mobile)…,2017,78676.33333333333,18321735.710201256,2008.0,22462.38957309158,14893651.08692132,0.0
Health & Wellness (non-internet/mobile)…,2018,294370.125,13262461.756482948,2005.625,103800.84562611437,29538304.59248908,3.2043497223082498
Health & Wellness (non-internet/mobile)…,2019,398898.4,9102346.611862231,2006.6,28306.945204313368,15542558.696201192,3.4351128074635144
Health & Wellness (non-internet/mobile)…,2020,233017.8064516129,29067411.100184556,2007.8709677419354,109225.10454574057,24169491.528808013,3.2118731345210563
Healthcare Plans,2003,24737.0,2960561.858454889,2000.0,,,
Healthcare Plans,2004,26375.0,4430881.585811163,2001.0,0.0,0.0,0.0
Healthcare Plans,2008,83320.75,6434722.204602933,2007.25,109217.5,14828.241476578714,1.5
Healthcare Plans,2010,28203.5,5712361.626344424,2000.5,4902.371313966334,835445.2219414815,0.7071067811865476
Healthcare Plans,2011,24737.0,111132.14179487871,2000.0,,,
Healthcare Plans,2012,24737.0,1252451.4724127322,2000.0,0.0,1619067.6952880118,0.0
Healthcare Plans,2013,24737.0,2011085.0894169689,2000.0,0.0,2108556.81233319,0.0
Healthcare Plans,2014,48193.333333333336,66060595.60983025,2005.6666666666667,45266.48248244316,73152050.7414908,5.131601439446877
Healthcare Plans,2015,179346.0,6538152.677925505,2003.5,95885.09374245822,745290.8948889241,2.1213203435596424
Healthcare Plans,2018,111545.0,14392418.381311752,2002.0,,,
Healthcare Plans,2020,412648.0,267377.5918061454,2007.0,,,
Healthcare Software,2000,526629.0,1665809.640703679,2000.0,15902.935604262888,1957810.2665961906,0.0
Healthcare Software,2001,493769.5714285714,5482169.974122748,2000.0,134013.0543869137,6572687.408906302,0.0
Healthcare Software,2002,433738.2916666667,2797538.3455694676,2000.75,192808.0921397321,4186467.026101612,1.0733936430981121
Healthcare Software,2003,380389.57692307694,4810624.389230285,2001.3461538461538,228859.11646987946,4921999.684867399,1.9171292641301778
Healthcare Software,2004,454256.48,2689034.1018659216,2001.4,166284.04963473394,2043123.8701060188,1.3228756555322734
Healthcare Software,2005,305941.28571428574,7804560.82252394,2003.142857142857,264264.47623926733,7239654.44009976,1.7968225924034102
Healthcare Software,2006,177912.76470588235,8071027.088987964,2002.2941176470588,243166.43811480477,8302167.092394504,2.568187733654673
Healthcare Software,2007,210188.66666666666,6363664.847490676,2003.6666666666667,260830.18341141677,7335056.136327772,2.1055482263138394
Healthcare Software,2008,100478.96153846153,9059131.714610262,2003.076923076923,187064.81522071024,9521430.4997012,2.667179437879292
Healthcare Software,2009,53673.65517241379,5787558.711357533,2004.2758620689656,125704.98242804059,5730935.362951277,2.5056586206330347
Healthcare Software,2010,83653.22727272728,2201954.7715501506,2006.0454545454545,112236.50565315904,3150558.2874155827,2.7163924382879325
Healthcare Software,2011,73650.23404255319,5978327.192396769,2006.1914893617022,127991.97923311152,6401118.519220871,2.9165069776997288
Healthcare Software,2012,134917.66666666666,7214454.706626261,2005.6296296296296,194449.6040544261,7096629.677478205,3.102705372216405
Healthcare Software,2013,116072.86486486487,7632600.298939541,2006.2972972972973,143292.05481214507,10659796.721075617,3.062904076425063
Healthcare Software,2014,103751.91803278688,33616701.3730269,2006.950819672131,123769.81833054656,52026515.9938276,2.584738732820013
Healthcare Software,2015,93826.36538461539,40245877.53690288,2006.8076923076924,95616.14757282267,39807298.82214205,2.910686608159665
Healthcare Software,2016,88526.19354838709,30101398.170105472,2007.016129032258,88983.27040643214,34846318.16739365,2.0842259677676154
Healthcare Software,2017,188175.42857142858,25663025.60636395,2006.8214285714287,165183.12762318258,26394361.463673033,2.8355351770450534
Healthcare Software,2018,132525.05555555556,17613280.384719808,2008.037037037037,116118.30303867588,36818496.17449208,2.306373146943492
Healthcare Software,2019,109884.40677966102,24002969.835727658,2007.0677966101696,108840.84779386298,36866511.555058986,2.9176301600825556
Healthcare Software,2020,174589.28260869565,27366714.493508644,2006.6521739130435,184972.3827663246,102577612.01692095,2.7826237922295882
Internet Software & Services,2000,41135.125,42259724.29626469,2003.5,15032.736614635407,16434437.617983747,1.4142135623730951
Internet Software & Services,2001,14138.5,9348033.822488753,2000.5,14435.584937923368,4433392.492419151,0.7071067811865476
Internet Software & Services,2002,10936.0,8001101.928374656,2001.0,0.0,0.0,0.0
Internet Software & Services,2003,14845.923076923076,7423640.83239015,2000.3076923076924,8338.857650197442,7141706.511842533,0.7510676161987881
Internet Software & Services,2004,11016.583333333334,10379167.485559398,2001.0833333333333,5996.862262252172,7717883.624732281,0.9962049198955324
Internet Software & Services,2005,36550.846153846156,4060856.9811036806,2002.6153846153845,35269.03458617808,4360179.971700449,1.85015591858552
Internet Software & Services,2006,16938.875,8666486.4626119,2002.71875,13535.146246692528,5857856.336381765,2.1587686902641385
Internet Software & Services,2007,15243.131147540984,13936510.372063499,2003.9180327868853,15152.782173004192,12569447.188083015,2.382541234111161
Internet Software & Services,2008,25417.78947368421,8745586.147985639,2005.2631578947369,21492.13395452329,11906200.282592326,2.4894514297436237
Internet Software & Services,2009,26246.5,7069521.344645179,2005.388888888889,33355.64595703803,7133014.926483705,2.7961520619733378
Internet Software & Services,2010,41909.98,12650504.12009303,2006.06,35088.08812751189,18948277.034996558,2.3519602827678057
Internet Software & Services,2011,46209.54437869822,9836813.13627834,2006.9289940828403,46755.22668515745,13929931.97353673,2.633515585534006
Internet Software & Services,2012,47335.77181208054,18783068.557249222,2006.020134228188,24149.97239132237,30694323.190473113,2.9258165842313835
Internet Software & Services,2013,67699.69135802469,15667389.323841784,2006.567901234568,74581.48415699054,30126628.599775728,2.7861158501680245
Internet Software & Services,2014,72527.00546448087,26075977.387198772,2006.775956284153,68166.76284957414,69492032.70544203,2.8009164587804585
Internet Software & Services,2015,98747.80628272251,24380139.70487945,2006.7486910994764,79579.20082851031,30728126.23258701,3.084713731301186
Internet Software & Services,2016,105732.52380952382,23065184.655692346,2007.6802721088436,80215.11486487686,40116153.59289867,2.622313092070977
Internet Software & Services,2017,116351.3870967742,56821233.562731795,2006.8145161290322,89525.57715147232,122743709.7840153,3.3577163539463335
Internet Software & Services,2018,145745.36936936938,34958787.4257235,2007.5135135135135,131950.71205525793,39827319.60677803,2.729851360804975
Internet Software & Services,2019,177808.8987341772,22181742.294987153,2007.126582278481,152403.14560575207,32141212.188933507,3.2595700857297607
Internet Software & Services,2020,205299.775,39617008.841920994,2007.37,158588.93110469286,86547724.77790664,3.356999737292325
Medical Devices & Equipment,2000,155086.18032786885,11707124.606561711,2000.704918032787,232588.27540086856,14059268.35290398,1.475852999625248
Medical Devices & Equipment,2001,180782.19607843139,6456591.9091335945,2001.1764705882354,237625.33817268716,6861658.758116765,1.6792959669667462
Medical Devices & Equipment,2002,169768.44262295082,10010266.555948123,2000.9344262295083,232811.74335139294,9045748.782761386,1.2380850644217734
Medical Devices & Equipment,2003,138831.25748502993,13740097.910160596,2001.1437125748503,221445.74594104334,11109540.378651988,1.3633562816167555
Medical Devices & Equipment,2004,127636.46056782335,13556422.97632325,2001.7791798107255,209573.95374479127,12658559.409782507,1.5411472246993916
Medical Devices & Equipment,2005,98348.93297587131,16758979.391726026,2002.1849865951742,187383.44180245695,15773042.693248764,1.6199660863078342
Medical Devices & Equipment,2006,67252.82495344506,22987793.071945924,2002.7188081936686,156638.9319959481,29177908.96178012,2.007699748079872
Medical Devices & Equipment,2007,40065.85940246045,28020551.38953468,2002.9349736379613,109448.95086663766,48243125.81836133,2.2021892214934065
Medical Devices & Equipment,2008,47971.268421052635,19970106.52335829,2004.0894736842106,121567.13915769992,19229286.470843866,2.4460566314215866
Medical Devices & Equipment,2009,27878.615587846765,16165703.980400085,2004.003963011889,70078.82713887436,29277176.20787441,2.4728654712381766
Medical Devices & Equipment,2010,36499.26210826211,12504874.714906069,2004.3988603988605,82959.85804060087,14050490.646160906,2.621734865807186
Medical Devices & Equipment,2011,35664.333333333336,16242022.120303005,2004.9086021505377,73593.90169282547,17698238.768297344,2.6059732984206154
Medical Devices & Equipment,2012,45662.62534059946,13914100.421572326,2005.2479564032697,88908.99445630074,16646733.960524376,2.591009730801678
Medical Devices & Equipment,2013,42729.23174603174,20113749.07161605,2005.2904761904763,59220.242141711955,113806681.48184872,2.731737410520261
Medical Devices & Equipment,2014,54019.145454545454,19844690.748019982,2005.4495867768594,78614.57185696327,33677261.3532233,2.7924070406407955
Medical Devices & Equipment,2015,66485.68349514563,22862476.309195988,2005.9300970873787,92114.21031603489,31948397.72409013,2.6271122667582283
Medical Devices & Equipment,2016,105980.46972860125,22275040.837218758,2006.3966597077244,119583.45816262568,81051676.68302342,2.9146271769493644
Medical Devices & Equipment,2017,102242.51025056948,22225592.247432567,2006.5717539863326,108828.80018928165,45442528.0998663,2.8322545956517864
Medical Devices & Equipment,2018,105954.96915167096,37741378.63275568,2006.1336760925449,112743.42712667146,50105372.767880544,3.001309354809509
Medical Devices & Equipment,2019,149152.7097791798,26847765.042684738,2006.583596214511,139427.14284947774,36342050.97110781,2.9029855323439895
Medical Devices & Equipment,2020,136985.2772073922,26231034.34084228,2006.7289527720739,145159.38828424684,36831716.20326865,2.9828804283826234
Medical Equipment & Supplies,2000,236290.42857142858,5967955.225837464,2001.2857142857142,273577.00412367575,3726210.967817384,1.6035674514745324
Medical Equipment & Supplies,2001,512858.4,5481900.404060819,2000.6,15064.993687353477,9329122.15759782,0.5477225575051375
Medical Equipment & Supplies,2002,315925.4736842105,16160588.961612757,2001.4736842105262,259151.2392699523,12988784.676871069,1.2635233389495213
Medical Equipment & Supplies,2003,385489.1666666667,17306412.87027445,2001.5,228530.75222378934,17680107.891399615,1.285369173834211
Medical Equipment & Supplies,2004,452478.5294117647,6134040.9184245095,2002.0588235294117,189880.84598652838,6319459.6792206215,1.5163987736217914
Medical Equipment & Supplies,2005,348433.46341463417,9498598.526028225,2003.3658536585365,242222.09463311743,10081402.23145597,1.6696720869825499
Medical Equipment & Supplies,2006,297908.32,4088237.048201157,2004.24,259569.64569194784,4543580.681217151,1.6653327995728635
Medical Equipment & Supplies,2007,241572.7441860465,11384225.800665304,2002.9767441860465,236571.84340713933,15032030.04153676,2.4831659140723192
Medical Equipment & Supplies,2008,69694.44444444444,24444853.963992704,2004.888888888889,161914.19937231904,20360011.61266034,1.6047315659302093
Medical Equipment & Supplies,2009,60379.05882352941,7290573.529949248,2003.764705882353,102485.34188450477,6930846.1436763145,2.969204686542851
Medical Equipment & Supplies,2010,33672.875,11316207.881730666,2005.5,55353.21311104412,14157834.691933434,1.6733200530681775
Medical Equipment & Supplies,2011,59621.6,14750012.259171078,2003.4285714285713,83540.28778527795,14468584.750166891,2.983145934054485
Medical Equipment & Supplies,2012,64680.25,7058667.443044898,2005.3,91758.12302540161,5403871.241206638,3.32613257323527
Medical Equipment & Supplies,2013,20319.04,10886039.560631566,2004.48,24968.978272181394,26075830.913991775,2.2196095752781773
Medical Equipment & Supplies,2014,89994.61538461539,6897927.149947898,2006.3076923076924,83444.16760079605,5617429.865210219,2.7502913598567944
Medical Equipment & Supplies,2015,110979.57142857143,43913722.44293404,2006.357142857143,123824.83117987796,115087193.22686863,2.9510661139309056
Medical Equipment & Supplies,2016,171421.66666666666,4591042.872481286,2007.111111111111,80567.26622363452,4608570.226228719,1.6914819275153685
Medical Equipment & Supplies,2017,73611.90476190476,16206438.329785608,2006.7142857142858,74988.33239171594,17160390.17432433,1.978455385973004
Medical Equipment & Supplies,2018,225159.1,6219513.734997521,2007.8,117733.43797131062,6792520.331580336,1.3984117975602075
Medical Equipment & Supplies,2019,196939.0,27161277.630006354,2007.5384615384614,148069.25684174505,30279535.114359338,1.560736183952077
Medical Equipment & Supplies,2020,374070.9166666667,48654021.87789626,2006.0833333333333,180850.04456101113,52150951.65339282,1.378954368902441
Medical Facilities & Services,2000,127561.54545454546,7413054.885381761,2000.3636363636363,203381.8743346435,9440219.210474819,0.8090398349558627
Medical Facilities & Services,2001,305069.48387096776,4814306.5344835,2000.4516129032259,246969.6987225857,5456211.086095671,0.5058794110205678
Medical Facilities & Services,2002,233176.77142857143,15293740.175444322,2001.4142857142858,253056.1497025805,20633063.64810117,1.7569147624178187
Medical Facilities & Services,2003,219715.23684210525,24463495.861755718,2001.1315789473683,236151.4351596649,60158031.88544067,1.0441873248007392
Medical Facilities & Services,2004,165297.43333333332,19152316.759266395,2001.3166666666666,225944.36312848757,20222883.112020526,1.478566262326487
Medical Facilities & Services,2005,186222.95918367346,13485081.794308305,2002.591836734694,238300.58970009908,13911977.255477948,1.6572865290757157
Medical Facilities & Services,2006,93111.05882352941,32021481.33230672,2002.8039215686274,177046.98830032797,73232459.10305241,2.1262136096182247
Medical Facilities & Services,2007,62254.943396226416,15578490.69264712,2003.5471698113208,133907.7367231769,13242469.493569382,2.492805322213424
Medical Facilities & Services,2008,79530.03846153847,14165838.657185046,2004.3461538461538,146223.24556334555,16874432.008459635,2.8276111145956095
Medical Facilities & Services,2009,108550.8,25422045.61439225,2003.95,182318.95053832134,67462720.87424427,2.7730386924353794
Medical Facilities & Services,2010,147664.61403508772,33852334.50449064,2005.9122807017543,207297.005971828,77311002.26042217,2.0290805602043753
Medical Facilities & Services,2011,56016.28301886792,21071055.348740846,2004.9245283018868,92124.6321018387,38790957.859973356,2.479524276672208
Medical Facilities & Services,2012,119958.1875,10517953.829745913,2005.65625,137214.9371814368,19381190.290682808,3.597574227528986
Medical Facilities & Services,2013,59723.42028985507,21543053.84413129,2005.8985507246377,48255.150137638695,40571646.202413835,3.556869606567585
Medical Facilities & Services,2014,133027.62,68176178.11151442,2007.1,95980.00388280078,115325968.8934079,2.8589280137413984
Medical Facilities & Services,2015,157373.7415730337,29176680.546756793,2006.9550561797753,127701.22619032285,46942177.419464566,2.8837716479052435
Medical Facilities & Services,2016,183911.89361702127,40272394.36526864,2007.3617021276596,107834.35199601972,35744818.34566484,3.1306724650234963
Medical Facilities & Services,2017,220801.72093023255,36049297.95449899,2007.1162790697674,102026.19007679811,37331435.55192864,3.4031449203402624
Medical Facilities & Services,2018,217965.40277777778,47895797.67972319,2005.4444444444443,136093.93342376058,95962048.0732684,3.8743973230153417
Medical Facilities & Services,2019,285240.7910447761,75962783.22530028,2004.8358208955224,158624.77067524436,170392512.38457674,3.6992915575879524
Medical Facilities & Services,2020,308263.30555555556,40227922.13571954,2005.5740740740741,191349.84591997284,58384376.9928278,3.5943977793688124
Medical Information,2005,34863.0,8580375.782881003,2000.0,,,
Medical Information,2006,20469.0,1372058.087130696,2004.0,,,
Medical Information,2007,14180.0,3143553.707156174,2006.0,,,
Medical Information,2008,11489.0,3069826.9830097537,2005.3333333333333,7776.908125984259,3571210.6278272616,1.154700538379268
Medical Information,2009,33260.0,587031.8727001449,2003.5,37138.66236147985,596823.9694707573,3.5355339059327378
Medical Information,2010,16667.846153846152,1997840.7164113163,2005.076923076923,19439.65665783115,847061.7494000114,1.8912755158683208
Medical Information,2011,11773.727272727272,12345052.55143038,2005.5454545454545,15835.978839913301,3873337.1758915996,1.5075567228888112
Medical Information,2012,34695.916666666664,13353914.096619777,2006.3333333333333,95944.93375933579,4220468.342525592,1.1547005383792635
Medical Information,2013,59521.0,3548012.551849758,2001.0,,,
Medical Information,2014,9500.047619047618,21328088.102032896,2005.7619047619048,11461.240030974792,13455192.47738356,1.0910894511799536
Medical Information,2015,6999.0,17286266.460857753,2006.0,0.0,0.0,0.0
Medical Information,2020,459300.0,3435239.1875130436,2007.0,16952.17797216629,2589387.749335029,1.4142135623730951
Medical Product Distribution,2002,45949.0,9867036.011080332,2000.0,0.0,0.0,0.0
Medical Product Distribution,2004,33331.0,804162.219850587,2002.0,,,
Medical Product Distribution,2005,33331.0,919938.0165289256,2002.0,,,
Medical Product Distribution,2006,46041.0,27223050.173869845,2003.0,,,
Medical Product Distribution,2007,33331.0,134685.4308704906,2002.0,,,
Medical Product Distribution,2008,25598.5,30037968.45161159,2001.0,10935.406371049958,39985460.419698544,1.4142135623730951
Medical Product Distribution,2009,33331.0,1785930.443689185,2002.0,,,
Medical Product Distribution,2010,33331.0,567682.1716490407,2002.0,,,
Medical Product Distribution,2011,33331.0,3423578.6035262146,2002.0,,,
Medical Product Distribution,2019,319898.5,67555925.56540518,2008.875,38731.06683271195,22027487.96966068,3.1819805153394563
Medical Product Distribution,2020,257878.0,3038959.879543143,2001.5,317557.41279019136,1001238.8595209958,0.7071067811865476
Mobile Software & Services,2003,36174.0,16301153.638814017,2003.0,0.0,8017536.222620366,0.0
Mobile Software & Services,2006,22325.875,12320752.074596902,2002.1875,10229.483472622978,4663298.943108574,1.7969882210707033
Mobile Software & Services,2007,33125.11111111111,9088443.589963706,2003.2222222222222,6049.95133130103,6390849.092193994,0.4409585518441047
Mobile Software & Services,2008,13158.0,15968328.038770184,2004.5,10183.257789136049,10591207.852214988,0.5477225575051454
Mobile Software & Services,2009,40257.07692307692,8328050.925499073,2003.5384615384614,78858.1120826741,5887325.260908475,2.9612887007568944
Mobile Software & Services,2010,51441.07142857143,13252318.72651519,2006.6785714285713,19717.84217201859,17235313.743484538,3.2094025223185856
Mobile Software & Services,2011,52735.64102564102,5881587.064518399,2007.5641025641025,21942.483079857928,6093736.2172907805,1.95737299507158
Mobile Software & Services,2012,84205.75,5789793.329029599,2008.375,49500.38541769145,7100135.623680735,2.467091093076759
Mobile Software & Services,2013,78276.47727272728,8283707.359895737,2007.840909090909,33169.47571956933,11108404.141664919,2.803180766584268
Mobile Software & Services,2014,91336.18987341772,17765192.50240322,2007.139240506329,66017.15229394514,25275229.415226568,3.2055007897690553
Mobile Software & Services,2015,115440.13333333333,100331877.56373349,2007.9333333333334,78696.9297008813,167897983.300899,2.733628956666801
Mobile Software & Services,2016,109544.2972972973,12409508.978015412,2008.2702702702702,69194.02298242596,9403768.381733062,2.2192171874165396
Mobile Software & Services,2017,96152.97674418605,23295761.111192018,2008.1860465116279,72796.42806434954,39261516.0644409,2.575117324682594
Mobile Software & Services,2018,162869.77777777778,77250678.42671543,2009.138888888889,98486.91159891279,168611933.48919013,1.8996658018531147
Mobile Software & Services,2019,175291.36363636365,17561819.01635021,2009.1363636363637,76398.01103902257,14143051.688227333,1.8072724659646457
Mobile Software & Services,2020,196971.8552631579,52253523.96821596,2008.2894736842106,170172.1078907041,81006643.32186358,2.3597502097958456
Pharmaceutical Distribution & Wholesale…,2001,1264.0,2469859.1549295774,2001.0,0.0,0.0,0.0
Pharmaceutical Distribution & Wholesale…,2003,25757.0,11665938.864628822,2001.0,0.0,0.0,0.0
Pharmaceutical Distribution & Wholesale…,2004,1264.0,71364743.25039703,2001.0,0.0,0.0,0.0
Pharmaceutical Distribution & Wholesale…,2005,10718.0,16908574.81473447,2000.0,7390.6607958964,5450681.959567672,0.0
Pharmaceutical Distribution & Wholesale…,2006,1076.6666666666667,15245839.38783265,2002.6666666666667,958.9787971239684,7951927.731977143,2.309401076758536
Pharmaceutical Distribution & Wholesale…,2007,7754.0,39439543.594138704,2002.0,7921.163626639713,14731032.055988474,2.190890230020685
Pharmaceutical Distribution & Wholesale…,2008,2184.0,25673700.386042506,2000.0,0.0,0.0,0.0
Pharmaceutical Distribution & Wholesale…,2009,6451.0,20636850.12592228,2000.0,7390.6607958964,21315742.79866727,0.0
Pharmaceutical Distribution & Wholesale…,2010,14985.0,8699517.399034798,2000.0,0.0,0.0,0.0
Pharmaceutical Distribution & Wholesale…,2013,523.0,7096025.103699516,2004.0,0.0,0.0,0.0
Pharmaceutical Distribution & Wholesale…,2014,523.0,5770121.72008592,2004.0,,,
Pharmaceutical Distribution & Wholesale…,2015,523.0,40019859.61694971,2004.0,0.0,50028256.60201485,0.0
Pharmaceutical Distribution & Wholesale…,2017,2184.0,7864781.524734287,2000.0,,,
Pharmaceutical Distribution & Wholesale…,2018,34755.0,65408104.39833695,2004.0,0.0,0.0,0.0
Pharmaceutical Distribution & Wholesale…,2019,371416.0,16596781.857092826,2003.75,16369.492967101944,21472188.467768922,3.5
Pharmaceutical Distribution & Wholesale…,2020,471300.6666666667,12674783.75616143,2006.5,224054.57730264444,8919159.283084892,2.810693864511033
Pharmaceuticals / Drugs,2000,192773.4,5726149.006222731,2000.0,239775.13036360592,4793878.200148469,0.0
Pharmaceuticals / Drugs,2001,153318.21126760563,17516050.475239996,2000.4084507042253,218169.9636073356,22026870.57695187,0.49504587922258003
Pharmaceuticals / Drugs,2002,78858.67391304347,31936114.623456687,2000.7608695652175,171759.5066881616,24270698.272356335,0.7467080165102811
Pharmaceuticals / Drugs,2003,54850.66467065868,35575207.47938025,2000.994011976048,141777.47726982346,23750901.193171058,1.0556617634885728
Pharmaceuticals / Drugs,2004,44208.63636363636,39310699.40291266,2001.813852813853,118429.77232471823,30064750.548284043,1.4431181080889113
Pharmaceuticals / Drugs,2005,47105.19724770642,33829153.57575521,2002.0825688073394,126285.3567256694,28539134.497243974,1.781256432075564
Pharmaceuticals / Drugs,2006,38805.752321981425,35102150.31810617,2002.7956656346748,111733.91946617582,23892241.725207794,1.9910622745208668
Pharmaceuticals / Drugs,2007,21860.24342105263,39597627.63579216,2003.0065789473683,66446.27814125513,43656289.605591156,2.071324604572921
Pharmaceuticals / Drugs,2008,20207.77981651376,33568836.69616533,2004.151376146789,59663.478565235295,30739285.6311377,2.4211097230488137
Pharmaceuticals / Drugs,2009,14443.320675105486,25749254.091551356,2003.548523206751,25499.832800351553,21780535.836197246,2.38701641932177
Pharmaceuticals / Drugs,2010,28514.320388349515,19771549.417754006,2004.3446601941748,80412.87650033312,21697912.12357616,2.3169882956151633
Pharmaceuticals / Drugs,2011,21354.203539823007,31770369.01387317,2004.1238938053098,46247.711072927574,63969882.036720246,2.284000028782613
Pharmaceuticals / Drugs,2012,24698.349206349205,23996500.235754646,2005.0714285714287,26665.06968370942,23363726.90418199,3.0520250888315754
Pharmaceuticals / Drugs,2013,29249.25,19102567.00156028,2005.0,34091.59805365091,25840335.894669052,2.3434003976548086
Pharmaceuticals / Drugs,2014,28449.51111111111,31560356.756070547,2004.3,59573.89945990968,27421928.942840815,2.834181410859763
Pharmaceuticals / Drugs,2015,77936.025,23902283.246112626,2005.375,89682.99024512425,61041661.23591671,2.4251619031335845
Pharmaceuticals / Drugs,2016,108043.55555555556,43512484.41215515,2005.3333333333333,109472.72423018936,39760176.408616774,1.9402850002906822
Pharmaceuticals / Drugs,2017,183635.75,15054165.771137465,2005.7,189243.6576210054,26436621.441488177,2.7164217950129066
Pharmaceuticals / Drugs,2018,131527.56756756757,53253674.9320327,2004.5135135135135,150604.92477865916,62207009.16072229,3.1057439761908787
Pharmaceuticals / Drugs,2019,208161.21875,39873189.475312725,2007.5,162302.64302793663,66980194.54769812,2.627399057328745
Pharmaceuticals / Drugs,2020,195860.04,44814429.01821752,2005.5066666666667,203282.0224712749,76743816.70362833,3.318145580002479
Stealth Mode,2001,525199.0,4633596.392333709,2001.0,0.0,0.0,0.0
Stealth Mode,2002,534189.0,120572.05720572056,2001.0,0.0,0.0,0.0
Stealth Mode,2003,522522.0,571732.0865816466,2002.5,7777.9999999999945,648471.7109863658,1.0000000000000189
Stealth Mode,2012,63812.0,360776.3274549907,2010.0,,,
Stealth Mode,2016,63812.0,136942.3700859222,2010.0,,,
