industry,date_y,index_x,size_real,target_founded
Alternative Medicine,2000,2574.0,3474580.196873191,
Alternative Medicine,2001,248543.0,3120728.929384966,1987.0
Alternative Medicine,2005,42203.0,,
Alternative Medicine,2007,51867.0,,
Alternative Medicine,2008,134281.5,3758745.255841602,1995.0
Alternative Medicine,2009,19721.0,3163840.7641252787,
Alternative Medicine,2010,139437.33333333334,1630129.9616098073,1987.0
Alternative Medicine,2011,83944.57142857143,2827447.9051736286,2003.6666666666667
Alternative Medicine,2012,67988.0,3206439.747034139,
Alternative Medicine,2013,65075.0,857409.0813151859,
Alternative Medicine,2014,292901.28571428574,5485820.288003138,2008.25
Alternative Medicine,2015,321132.1666666667,8114162.544500294,2008.3333333333333
Alternative Medicine,2016,215595.5,6233839.328091327,2008.8
Alternative Medicine,2017,296021.28125,36236013.32598069,2008.0
Alternative Medicine,2018,327120.6296296296,9035778.853907263,2014.55
Alternative Medicine,2019,370351.61842105264,20178766.768031824,2007.42
Alternative Medicine,2020,426949.91489361704,5463788.433665982,2016.3333333333333
Biotechnology,2000,179564.12599318955,40462311.56199502,1995.7127222982217
Biotechnology,2001,215920.38451268358,28647021.448925942,1996.4281098546041
Biotechnology,2002,218452.12290502794,24258679.395813856,1997.936305732484
Biotechnology,2003,152100.56172140432,20742483.756627165,1992.9259259259259
Biotechnology,2004,131568.7320402299,34932272.92319464,1996.1786296900489
Biotechnology,2005,141229.6358974359,30394982.247023273,1997.0767356881852
Biotechnology,2006,112575.23637961336,27205890.295457248,1996.8448459086078
Biotechnology,2007,87589.49857819905,31875814.07897906,1999.2134433962265
Biotechnology,2008,113625.5953038674,20948063.771878727,2000.89046653144
Biotechnology,2009,81391.92196878752,17325350.368487634,2002.2996254681648
Biotechnology,2010,96040.74362089916,13657835.890024776,2002.4375
Biotechnology,2011,82081.02485875707,14366803.831858633,2003.8962818003913
Biotechnology,2012,73449.37832512315,14466189.6989603,2005.0356506238859
Biotechnology,2013,102867.45794392523,13805001.236198213,2006.4915887850468
Biotechnology,2014,137418.0918437286,19528714.610356834,2008.5025839793282
Biotechnology,2015,182193.18435448577,29003164.078326482,2010.1019047619047
Biotechnology,2016,220922.12457254517,21713442.44380344,2011.4391233766235
Biotechnology,2017,246998.35717603343,30548479.06171295,2012.9205110007097
Biotechnology,2018,285553.6164584864,40055498.079353385,2013.081673306773
Biotechnology,2019,316301.0051057622,39887543.60604892,2013.857921207041
Biotechnology,2020,365796.8005050505,54806434.708015434,2014.5141176470588
Dental Products & Services,2000,127061.66666666667,108249762.45558678,1994.6363636363637
Dental Products & Services,2001,134254.75,33511913.317072347,1995.3333333333333
Dental Products & Services,2002,161192.57142857142,18593299.026872385,1997.5714285714287
Dental Products & Services,2003,288814.44444444444,6569108.802624385,1998.5
Dental Products & Services,2004,374906.0,6994866.0261644665,1991.875
Dental Products & Services,2005,151676.13333333333,21362637.51774142,1998.5
Dental Products & Services,2006,97837.82608695653,45517454.823303804,1981.2272727272727
Dental Products & Services,2007,396573.625,4648966.39478584,1996.4
Dental Products & Services,2008,274488.95652173914,4973737.260274472,1996.0
Dental Products & Services,2009,229407.64516129033,8200568.54245222,2001.2380952380952
Dental Products & Services,2010,187068.90625,4956438.264419893,2002.1666666666667
Dental Products & Services,2011,129891.375,17123439.498044074,1998.0384615384614
Dental Products & Services,2012,124478.3137254902,6510990.184227987,2005.9166666666667
Dental Products & Services,2013,140104.67272727273,28899401.71674261,2002.047619047619
Dental Products & Services,2014,161766.24,31691637.76514817,2002.1515151515152
Dental Products & Services,2015,218975.40425531915,15007362.299223037,2004.6
Dental Products & Services,2016,246255.95238095237,25508505.96132015,2008.0338983050847
Dental Products & Services,2017,269272.9029850746,17308151.580596045,2007.7543859649122
Dental Products & Services,2018,313859.7876712329,31165669.909772955,2006.0
Dental Products & Services,2019,335167.14285714284,33025481.0897633,2008.1708860759493
Dental Products & Services,2020,413376.93125,9522339.30272891,2013.2966101694915
Disease Diagnosis,2000,335874.0506329114,35784443.56543183,1996.5694444444443
Disease Diagnosis,2001,455562.7580645161,10330957.016997453,1998.1132075471698
Disease Diagnosis,2002,461466.8142857143,14035926.92552967,1997.241935483871
Disease Diagnosis,2003,502466.6285714286,7874658.3638632605,1999.7407407407406
Disease Diagnosis,2004,360579.515625,9628419.12802783,1998.5862068965516
Disease Diagnosis,2005,334006.4651162791,11852686.987876426,2000.892857142857
Disease Diagnosis,2006,288470.92647058825,6198477.559872849,2002.3191489361702
Disease Diagnosis,2007,180148.11764705883,14974880.787824938,2001.8070175438597
Disease Diagnosis,2008,208613.5,10683578.981503567,2002.6097560975609
Disease Diagnosis,2009,132858.6746987952,12043453.889399925,2003.2068965517242
Disease Diagnosis,2010,97034.50406504064,12601544.797183424,2003.0823529411764
Disease Diagnosis,2011,108470.1237113402,6736572.389349476,2006.2881355932204
Disease Diagnosis,2012,93115.9574468085,27305112.498889912,2006.2222222222222
Disease Diagnosis,2013,110462.99038461539,12284983.695480498,2004.8285714285714
Disease Diagnosis,2014,148595.64150943398,12773459.204923224,2005.8243243243244
Disease Diagnosis,2015,201260.55555555556,31975761.555187576,2010.1267605633802
Disease Diagnosis,2016,255610.7899543379,19019747.93607067,2011.328947368421
Disease Diagnosis,2017,247491.39130434784,57717961.43136106,2012.3218390804598
Disease Diagnosis,2018,304854.3758099352,40099537.57604729,2013.3050847457628
Disease Diagnosis,2019,335616.5079006772,32958673.37021492,2014.550135501355
Disease Diagnosis,2020,356114.5714285714,58449665.293198444,2015.2145833333334
Drug Delivery,2000,182453.59375,25342370.091551255,1996.5689655172414
Drug Delivery,2001,238028.34285714285,16178260.044967122,1997.0645161290322
Drug Delivery,2002,177507.60294117648,27645492.14037412,1996.851851851852
Drug Delivery,2003,147920.81333333332,13969364.126433384,1993.953125
Drug Delivery,2004,89271.25757575757,28885124.72725043,1996.688524590164
Drug Delivery,2005,172276.84615384616,19906690.0422638,1999.9512195121952
Drug Delivery,2006,207676.0923076923,14093674.085283527,1999.7567567567567
Drug Delivery,2007,80078.0459770115,17935811.56419513,2002.2571428571428
Drug Delivery,2008,176935.5072463768,17356374.843074124,2001.8636363636363
Drug Delivery,2009,67287.51515151515,16286239.136661079,2001.6666666666667
Drug Delivery,2010,151859.95412844035,14733507.659971884,2003.2222222222222
Drug Delivery,2011,81721.125,31180839.294481315,2003.264705882353
Drug Delivery,2012,113724.55844155845,8358746.649340217,2003.642857142857
Drug Delivery,2013,82208.15492957746,14203878.624646131,2005.641975308642
Drug Delivery,2014,92106.88181818182,31249987.629846077,2006.8837209302326
Drug Delivery,2015,161944.44339622642,18466234.425516155,2006.9344262295083
Drug Delivery,2016,215289.81645569621,21923407.914097436,2010.659090909091
Drug Delivery,2017,238086.9197080292,18626751.112475898,2012.295081967213
Drug Delivery,2018,248205.19892473117,26630640.2905879,2011.7297297297298
Drug Delivery,2019,328411.63503649633,17761705.564147502,2013.069306930693
Drug Delivery,2020,305566.1324503311,26554907.33754333,2011.7685185185185
Drug Development,2000,319502.5135135135,26438617.208059482,1996.3231707317073
Drug Development,2001,350469.85628742515,20722583.82853703,1996.941379310345
Drug Development,2002,362570.2466216216,15532443.532518096,1998.314049586777
Drug Development,2003,293211.88524590165,31236833.12005171,1997.265
Drug Development,2004,197587.40677966102,33267740.569578733,1997.766355140187
Drug Development,2005,203642.32686084142,26389790.594539184,1998.688796680498
Drug Development,2006,145370.4193548387,26673962.01760848,1999.63179916318
Drug Development,2007,111472.2359813084,29922742.464215156,2001.2521994134897
Drug Development,2008,96435.34337349398,20672076.618549943,2002.26267281106
Drug Development,2009,64071.740920096854,16880741.042123925,2003.2080291970804
Drug Development,2010,74858.47269303202,15907004.754561182,2003.9530201342282
Drug Development,2011,69821.1226993865,18486956.362532374,2004.4157608695652
Drug Development,2012,78972.87668593449,15595214.934151277,2005.0179211469533
Drug Development,2013,87730.96481732071,22427052.216647916,2005.3871866295265
Drug Development,2014,115290.54139290408,33560548.53149327,2006.9791044776118
Drug Development,2015,149432.0380047506,38270825.627032295,2008.1651982378855
Drug Development,2016,213823.12595419848,32798682.09453576,2010.9288793103449
Drug Development,2017,241953.24622222222,36180909.03850341,2011.9670658682635
Drug Development,2018,276643.2472160356,52104244.068489596,2013.1642561983472
Drug Development,2019,315359.08216136193,43512687.36663773,2013.699649737303
Drug Development,2020,365673.2937365011,65510143.05990872,2013.6200901481004
Drug Discovery,2000,22120.02912621359,41005913.88934069,1996.4166666666667
Drug Discovery,2001,24624.844660194176,41849828.98883498,1997.9662921348315
Drug Discovery,2002,11526.990291262136,50932697.998391,1997.438775510204
Drug Discovery,2003,32086.548387096773,23530603.530348793,1995.1028037383178
Drug Discovery,2004,31325.018072289156,31459441.058049086,1995.4966887417218
Drug Discovery,2005,24080.006756756757,41757373.22517301,1998.9448818897638
Drug Discovery,2006,17093.38532110092,29292322.41379355,1999.9375
Drug Discovery,2007,18398.053571428572,26375575.48171117,1999.3096774193548
Drug Discovery,2008,17029.942446043166,37672836.94693005,2002.0967741935483
Drug Discovery,2009,31846.328671328672,15581712.141414981,2003.5463917525774
Drug Discovery,2010,26232.736585365852,20576770.672393244,2001.4807692307693
Drug Discovery,2011,58309.916666666664,7313575.397306115,2004.5352112676057
Drug Discovery,2012,61084.1582733813,21103517.432023827,2005.4939759036145
Drug Discovery,2013,65808.43786982249,23416462.24154002,2006.7207207207207
Drug Discovery,2014,90293.69273743017,24759800.46572402,2007.0
Drug Discovery,2015,136406.52397260274,45169011.136057235,2009.1666666666667
Drug Discovery,2016,181107.85714285713,25202033.73005704,2009.790909090909
Drug Discovery,2017,218915.03550295858,30222049.818826634,2011.4272300469484
Drug Discovery,2018,267506.9105882353,51962325.81402239,2013.375
Drug Discovery,2019,297226.61085972853,41691359.75735671,2014.2303797468355
Drug Discovery,2020,331370.5169491525,58373209.324116364,2014.7056451612902
Drug Manufacturing,2000,410930.75,,1990.0
Drug Manufacturing,2001,182833.0,358883.8268792711,2001.0
Drug Manufacturing,2002,302347.0,,
Drug Manufacturing,2003,41726.09090909091,31460722.3170052,1985.1
Drug Manufacturing,2004,58971.6,10155306.058862593,1987.5384615384614
Drug Manufacturing,2005,185547.8,135843859.5409726,1982.2
Drug Manufacturing,2006,49383.07692307692,20092900.120414276,1985.1818181818182
Drug Manufacturing,2007,81624.22641509434,23185164.69452279,1996.8444444444444
Drug Manufacturing,2008,80169.56521739131,11174523.264293477,2000.8461538461538
Drug Manufacturing,2009,97693.61538461539,7100806.943355277,2000.7222222222222
Drug Manufacturing,2010,68009.55,13397985.59290385,1985.1875
Drug Manufacturing,2011,77885.36486486487,21010346.578616865,2000.0645161290322
Drug Manufacturing,2012,82651.8785046729,32143275.840011362,1982.3
Drug Manufacturing,2013,111550.60194174758,6088151.508318136,1999.3214285714287
Drug Manufacturing,2014,149146.6327683616,16648783.450835459,1995.6603773584907
Drug Manufacturing,2015,185175.25174825176,19340117.718942504,2005.7272727272727
Drug Manufacturing,2016,239300.9648241206,51927109.63225778,2010.25
Drug Manufacturing,2017,263189.59024390246,29688906.59633139,2003.404761904762
Drug Manufacturing,2018,277767.4945652174,39625802.03430113,2007.3592233009708
Drug Manufacturing,2019,314102.8080808081,29461519.595218353,2006.6153846153845
Drug Manufacturing,2020,354869.8669527897,20317329.571066458,2010.7837837837837
Elective & Aesthetic Medicine,2000,14895.0,13129000.130309379,2007.0
Elective & Aesthetic Medicine,2001,25194.0,156036.4464692483,2007.0
Elective & Aesthetic Medicine,2002,36571.333333333336,3082370.937727733,2003.0
Elective & Aesthetic Medicine,2003,25194.0,150054.76451259584,2007.0
Elective & Aesthetic Medicine,2004,12427.6,15756869.504736418,2002.2
Elective & Aesthetic Medicine,2005,88277.0,24814864.227756754,1999.7777777777778
Elective & Aesthetic Medicine,2006,6966.4,14913819.864556817,2004.7857142857142
Elective & Aesthetic Medicine,2007,20921.777777777777,69189010.33309235,2000.75
Elective & Aesthetic Medicine,2008,66968.36363636363,7961524.297687082,2004.125
Elective & Aesthetic Medicine,2009,18851.923076923078,12057978.173609734,1999.6363636363637
Elective & Aesthetic Medicine,2010,36505.0,7914469.730463925,2004.75
Elective & Aesthetic Medicine,2011,51314.375,9536890.515856415,2003.375
Elective & Aesthetic Medicine,2012,113717.3125,31350994.512243584,2004.2857142857142
Elective & Aesthetic Medicine,2013,80308.9,16111375.95753186,
Elective & Aesthetic Medicine,2014,104575.05263157895,27461415.12952141,2006.6
Elective & Aesthetic Medicine,2015,170203.52173913043,10859616.614049906,2010.0
Elective & Aesthetic Medicine,2016,106109.52,20910285.648505773,2002.1666666666667
Elective & Aesthetic Medicine,2017,185417.3148148148,38382144.27814568,2004.1363636363637
Elective & Aesthetic Medicine,2018,291086.8484848485,26484871.33859122,2009.7692307692307
Elective & Aesthetic Medicine,2019,357072.7843137255,9800849.895561138,2013.3666666666666
Elective & Aesthetic Medicine,2020,370621.73076923075,1983491.623979799,2008.4285714285713
Health & Wellness (non-internet/mobile)…,2000,39946.88888888889,22442960.84575475,
Health & Wellness (non-internet/mobile)…,2001,260376.0,,1981.0
Health & Wellness (non-internet/mobile)…,2002,90084.0,3530532212.8851542,1970.75
Health & Wellness (non-internet/mobile)…,2003,24537.571428571428,10497507.674888393,1990.6666666666667
Health & Wellness (non-internet/mobile)…,2004,14388.75,8445682.03570012,1993.75
Health & Wellness (non-internet/mobile)…,2005,158760.66666666666,,1953.6666666666667
Health & Wellness (non-internet/mobile)…,2006,106569.75,8028117.23740214,1991.0
Health & Wellness (non-internet/mobile)…,2007,24217.4,9139467.410248993,2000.888888888889
Health & Wellness (non-internet/mobile)…,2008,297712.0,1800540.6612122576,1943.5
Health & Wellness (non-internet/mobile)…,2009,40397.153846153844,780256.497961221,2002.75
Health & Wellness (non-internet/mobile)…,2010,43232.65,9778224.210546501,1995.7777777777778
Health & Wellness (non-internet/mobile)…,2011,89818.55,2098654.8607392097,2000.0
Health & Wellness (non-internet/mobile)…,2012,96579.19047619047,4287057.345941133,2001.625
Health & Wellness (non-internet/mobile)…,2013,113242.83333333333,2509949.5541470414,2000.5454545454545
Health & Wellness (non-internet/mobile)…,2014,182491.75,2829685.589063418,2008.0
Health & Wellness (non-internet/mobile)…,2015,225567.83695652173,6987978.666881273,2009.8260869565217
Health & Wellness (non-internet/mobile)…,2016,256874.52413793103,3887903.8030464672,2009.3650793650793
Health & Wellness (non-internet/mobile)…,2017,287097.4036144578,4052505.6852703923,2010.0694444444443
Health & Wellness (non-internet/mobile)…,2018,337575.1070110701,27510017.01384519,2010.3515625
Health & Wellness (non-internet/mobile)…,2019,379004.48818897636,63062911.312815316,2001.8654545454544
Health & Wellness (non-internet/mobile)…,2020,421739.490990991,14207551.098675396,2008.3343848580441
Healthcare Plans,2000,140964.0,,1986.5
Healthcare Plans,2001,113061.0,82250382.20302649,1990.75
Healthcare Plans,2003,45119.27272727273,14656546.655492196,1997.6
Healthcare Plans,2004,21519.9,8649152.32133542,2002.9
Healthcare Plans,2005,62850.71428571428,3575156.5762004177,1998.5
Healthcare Plans,2006,144462.5,,1998.0
Healthcare Plans,2007,62067.42857142857,187336912.53996515,1997.5
Healthcare Plans,2008,76547.33333333333,6434722.204602933,2007.25
Healthcare Plans,2009,119894.0,3166747.893894033,2000.5
Healthcare Plans,2010,40359.25,7047108.349485304,1986.5
Healthcare Plans,2011,122906.0,3319698.483178269,2003.0
Healthcare Plans,2012,67929.67741935483,13028522.579411492,2001.0
Healthcare Plans,2013,62699.206896551725,2129654.4609444635,2006.4
Healthcare Plans,2014,129206.07692307692,38625668.21688706,1997.4117647058824
Healthcare Plans,2015,174577.59375,42828930.0752274,1999.6923076923076
Healthcare Plans,2016,186516.0,61270693.15527722,2001.1764705882354
Healthcare Plans,2017,257170.65789473685,83624658.00437057,2008.6521739130435
Healthcare Plans,2018,276353.8214285714,144523419.5711758,2010.1162790697674
Healthcare Plans,2019,340832.51515151514,406927220.88459843,2006.92
Healthcare Plans,2020,387888.80821917806,102722599.14271243,2011.3921568627452
Healthcare Software,2000,392093.9636363636,18462403.98477767,1996.5021276595744
Healthcare Software,2001,353142.39800995024,18714406.319621388,1997.065868263473
Healthcare Software,2002,411449.3846153846,5944541.690592669,1996.4791666666667
Healthcare Software,2003,347636.1623931624,6170741.490589308,1996.561797752809
Healthcare Software,2004,381872.3082706767,7405466.461201262,1995.1739130434783
Healthcare Software,2005,384976.1777777778,8757394.582320709,1997.7924528301887
Healthcare Software,2006,336323.75789473683,13158129.889008887,1996.3636363636363
Healthcare Software,2007,240361.76237623763,7645349.744745706,1997.2205882352941
Healthcare Software,2008,266260.37762237765,13665356.29148704,2000.3529411764705
Healthcare Software,2009,255222.3381294964,10890636.750161383,2001.1451612903227
Healthcare Software,2010,219324.9103448276,6632937.131435488,2000.7636363636364
Healthcare Software,2011,159481.6547085202,6564612.878038777,2003.1666666666667
Healthcare Software,2012,137577.92708333334,5025845.777392246,2002.4666666666667
Healthcare Software,2013,137783.71814671814,7530747.47455926,2005.752380952381
Healthcare Software,2014,201289.29640718564,15863262.549160799,2006.8840579710145
Healthcare Software,2015,236669.0938967136,12312251.027368873,2009.4835680751173
Healthcare Software,2016,262586.48723404255,20860862.371364113,2011.1962264150943
Healthcare Software,2017,304148.36802973977,8814384.813207857,2013.0061919504644
Healthcare Software,2018,313034.6728462377,23921239.678041346,2013.892697466468
Healthcare Software,2019,343005.79529872676,12806348.831891036,2013.802511415525
Healthcare Software,2020,365991.52243861137,17447839.505723726,2014.3809523809523
Internet Software & Services,2000,32132.091836734693,29775816.148720197,1995.4714285714285
Internet Software & Services,2001,33840.969696969696,18895592.78218723,1992.952380952381
Internet Software & Services,2002,16591.95,13296706.168234343,1995.0
Internet Software & Services,2003,14137.953488372093,7106560.816604612,1996.4848484848485
Internet Software & Services,2004,32218.17142857143,9785918.187201938,1998.5333333333333
Internet Software & Services,2005,42486.295454545456,12380579.143901676,1997.0
Internet Software & Services,2006,40475.21153846154,8164476.839869,2000.2448979591836
Internet Software & Services,2007,30929.656565656565,13079235.749273254,2002.202380952381
Internet Software & Services,2008,43238.09090909091,10104341.530946448,2002.471264367816
Internet Software & Services,2009,37698.19424460432,7067234.049450271,2004.1574074074074
Internet Software & Services,2010,63618.81025641026,10039883.7822638,2004.378787878788
Internet Software & Services,2011,63930.2277486911,6283822.594829968,2006.6936936936936
Internet Software & Services,2012,79153.67284991569,7230203.081067465,2007.3684210526317
Internet Software & Services,2013,98053.68506056527,7105859.696808582,2008.9591836734694
Internet Software & Services,2014,130284.7805907173,11642724.505451716,2009.9718045112782
Internet Software & Services,2015,184283.1267828843,11192553.519106485,2010.3991989319093
Internet Software & Services,2016,218422.51975887475,13518910.59591207,2012.3592630501535
Internet Software & Services,2017,235798.2471225457,16308916.07096422,2012.8338220918865
Internet Software & Services,2018,272102.4095022624,23005078.674111355,2013.7162162162163
Internet Software & Services,2019,302561.54371122393,16772499.064186888,2014.2440401505646
Internet Software & Services,2020,347701.034725093,23071377.886560887,2014.527306967985
Medical Devices & Equipment,2000,118908.03329223182,24897334.721133508,1994.6681034482758
Medical Devices & Equipment,2001,134784.73670212767,24727256.267961517,1995.7233082706766
Medical Devices & Equipment,2002,119185.25619834711,16768456.31127103,1996.5226860254083
Medical Devices & Equipment,2003,116917.88269454123,22581710.537173476,1995.421777221527
Medical Devices & Equipment,2004,103858.42962184874,18990312.142820653,1996.388327721661
Medical Devices & Equipment,2005,103577.3947368421,17709050.133064464,1998.1514084507041
Medical Devices & Equipment,2006,84550.54537597235,20295062.631766047,1998.4631147540983
Medical Devices & Equipment,2007,72557.52618855762,24802436.419706374,1999.7035225048924
Medical Devices & Equipment,2008,87092.86746987952,19618793.93364455,2001.4524076147816
Medical Devices & Equipment,2009,51594.065232974914,14236054.210005475,2002.3003003003003
Medical Devices & Equipment,2010,64532.493203883496,12362401.345897242,2002.736220472441
Medical Devices & Equipment,2011,64448.63395810364,13790011.194953265,2002.854186265287
Medical Devices & Equipment,2012,75316.43180531975,11349450.980365038,2004.577880184332
Medical Devices & Equipment,2013,82359.24354657688,13595473.776321452,2004.950867052023
Medical Devices & Equipment,2014,111002.15556799105,13273453.439851005,2005.7370848708488
Medical Devices & Equipment,2015,159015.44168356998,15929872.170038048,2007.1051303616484
Medical Devices & Equipment,2016,208767.37277829746,14790981.084223542,2008.6284697508897
Medical Devices & Equipment,2017,231117.08930716862,17090720.25868961,2010.1057635175282
Medical Devices & Equipment,2018,267118.01420029893,19243130.354187373,2010.7047713717693
Medical Devices & Equipment,2019,306274.3438365651,18369108.487329975,2011.7011541632316
Medical Devices & Equipment,2020,323815.78285714285,17098320.761540707,2012.114393679148
Medical Equipment & Supplies,2000,352195.3898305085,12905990.496851297,1995.9142857142858
Medical Equipment & Supplies,2001,375314.0,8513085.843938388,1996.75
Medical Equipment & Supplies,2002,361682.16,12884131.734514996,1995.4328358208954
Medical Equipment & Supplies,2003,336830.3209876543,11248236.830948157,1998.159420289855
Medical Equipment & Supplies,2004,309906.9726027397,12032959.299261985,1993.8524590163934
Medical Equipment & Supplies,2005,311484.4260869565,7480601.431667883,1997.795918367347
Medical Equipment & Supplies,2006,281202.38317757007,6957840.636461147,1995.371794871795
Medical Equipment & Supplies,2007,273866.2262773723,18310165.727770407,1996.4736842105262
Medical Equipment & Supplies,2008,323273.78651685396,12685297.316932147,1997.4130434782608
Medical Equipment & Supplies,2009,240854.12,9185184.014620211,2002.09375
Medical Equipment & Supplies,2010,283744.0,11378209.963118684,1996.7666666666667
Medical Equipment & Supplies,2011,162091.87068965516,10040444.297492584,1994.1521739130435
Medical Equipment & Supplies,2012,156008.432748538,4532250.5636481475,1999.2558139534883
Medical Equipment & Supplies,2013,171769.94701986754,7944174.495637443,1994.1304347826087
Medical Equipment & Supplies,2014,201211.06875,17539125.028189242,1993.878787878788
Medical Equipment & Supplies,2015,276559.63448275864,14307333.892189914,1999.8809523809523
Medical Equipment & Supplies,2016,265170.8888888889,37346302.63592427,2005.5510204081634
Medical Equipment & Supplies,2017,271963.8429319372,10352805.577829462,2006.8170731707316
Medical Equipment & Supplies,2018,315039.10714285716,5910475.489257508,2002.4255319148936
Medical Equipment & Supplies,2019,324702.34246575343,12167507.895689711,2001.5925925925926
Medical Equipment & Supplies,2020,410208.6780487805,22887193.06039364,2002.0992366412213
Medical Facilities & Services,2000,181185.12565445027,22198070.608582336,1994.5032467532467
Medical Facilities & Services,2001,182689.51236749117,25501328.13115465,1995.5990783410139
Medical Facilities & Services,2002,207552.67953667953,17650917.97435292,1996.4485981308412
Medical Facilities & Services,2003,225260.1690140845,16884947.68530665,1994.6745562130177
Medical Facilities & Services,2004,168509.0393939394,26346648.202825204,1994.0588235294117
Medical Facilities & Services,2005,227752.3125,17000562.061886568,1995.254054054054
Medical Facilities & Services,2006,207211.11428571428,22686131.81651718,1993.921052631579
Medical Facilities & Services,2007,192894.6564417178,34858420.032408334,1995.4139784946237
Medical Facilities & Services,2008,265017.6781609195,25393457.369576897,1995.3076923076924
Medical Facilities & Services,2009,263377.6721311475,28124900.500824373,1994.881188118812
Medical Facilities & Services,2010,258623.5280612245,28939731.815867674,1992.1857142857143
Medical Facilities & Services,2011,161424.4638554217,40621380.891805865,1998.6060606060605
Medical Facilities & Services,2012,152561.88454706926,24889205.521096043,1998.9880952380952
Medical Facilities & Services,2013,130871.27137042063,25802473.861240834,2001.2826086956522
Medical Facilities & Services,2014,198485.94755244756,36484686.860903226,1996.1893004115227
Medical Facilities & Services,2015,241605.471162378,31118782.217098825,1997.8272980501392
Medical Facilities & Services,2016,261603.37012987013,30361131.50990613,1999.4765840220387
Medical Facilities & Services,2017,282854.2146226415,32641705.116029043,2002.852731591449
Medical Facilities & Services,2018,315415.89206349204,27898884.737978153,2001.982456140351
Medical Facilities & Services,2019,359386.7209861696,30150812.94335812,1998.2250242483026
Medical Facilities & Services,2020,407442.78449697635,20127236.733420804,2001.5812897366031
Medical Information,2000,38098.46153846154,10877396.975456169,1995.25
Medical Information,2001,29904.666666666668,2312886.888013506,1995.5
Medical Information,2002,8726.0,6048565.121412803,1998.0
Medical Information,2003,97777.0,,
Medical Information,2005,104925.33333333333,8580375.782881003,1999.0
Medical Information,2006,41750.666666666664,1372058.087130696,2005.0
Medical Information,2007,76479.9,1636569.1163414533,1995.0
Medical Information,2008,43891.0,4114759.6198388026,2002.75
Medical Information,2009,61612.0,941494.6865032606,1997.0
Medical Information,2010,51084.09090909091,4427304.955568802,2003.857142857143
Medical Information,2011,55681.86486486487,9774772.48508064,1994.7058823529412
Medical Information,2012,60198.045454545456,12374165.481224183,2000.5
Medical Information,2013,107196.4705882353,6238156.375984425,1999.75
Medical Information,2014,82075.5744680851,64060933.063070185,2004.2592592592594
Medical Information,2015,161695.33333333334,8217728.74310664,1996.9411764705883
Medical Information,2016,232695.0,48833496.35592432,2012.9
Medical Information,2017,264567.9411764706,63987016.3867689,2001.6666666666667
Medical Information,2018,336736.1538461539,781182.5142221224,2009.0
Medical Information,2019,371111.44736842107,3671273.979187652,2011.0384615384614
Medical Information,2020,424079.3333333333,53038003.031871,2010.1774193548388
Medical Product Distribution,2000,40535.36363636364,25018765.11702028,1997.7
Medical Product Distribution,2001,80002.13333333333,22158309.68802804,1996.8461538461538
Medical Product Distribution,2002,50454.333333333336,6901327.842195149,1973.6666666666667
Medical Product Distribution,2003,47396.333333333336,992324.3243243244,1972.6666666666667
Medical Product Distribution,2004,38880.26666666667,16979809.245360848,1978.5333333333333
Medical Product Distribution,2005,37808.68292682927,52791739.94978119,1988.1707317073171
Medical Product Distribution,2006,46506.5,7967658.481489869,1976.2
Medical Product Distribution,2007,64859.63157894737,13426435.302897032,1971.888888888889
Medical Product Distribution,2008,179898.22222222222,36864793.46232475,1961.2857142857142
Medical Product Distribution,2009,84433.6,1023531.4438713863,1972.6666666666667
Medical Product Distribution,2010,84468.4,302700.95834830165,1965.4
Medical Product Distribution,2011,116829.5,954419.0710368685,1969.3333333333333
Medical Product Distribution,2012,119616.25,95840.63870440246,1921.0
Medical Product Distribution,2013,174712.2857142857,59078.971767151226,1991.6
Medical Product Distribution,2014,195073.5,27129147.160461042,1978.8
Medical Product Distribution,2015,205043.55555555556,2382772.523407086,1973.6
Medical Product Distribution,2016,262449.3333333333,22578366.581848226,1979.8333333333333
Medical Product Distribution,2017,276770.17647058825,27151456.955754712,1998.8
Medical Product Distribution,2018,317481.35,249974178.62503222,1995.037037037037
Medical Product Distribution,2019,371070.39215686277,35150437.317054644,1996.0
Medical Product Distribution,2020,451275.0909090909,26670068.54560212,2000.7619047619048
Mobile Software & Services,2000,24413.791666666668,44728556.13045576,1996.7619047619048
Mobile Software & Services,2001,118072.25,18809524.083421227,1999.0
Mobile Software & Services,2002,26282.14285714286,287790.1918557922,1998.0
Mobile Software & Services,2003,44988.333333333336,13643505.93618078,2003.0
Mobile Software & Services,2004,74032.625,10153520.381154047,1997.142857142857
Mobile Software & Services,2005,327039.5,5005219.206680585,
Mobile Software & Services,2006,17513.041666666668,11401788.96152512,2000.304347826087
Mobile Software & Services,2007,61664.818181818184,7603859.688936205,2003.2222222222222
Mobile Software & Services,2008,29155.5,11659370.506854787,2001.9
Mobile Software & Services,2009,40956.0,6374867.490755759,2003.8181818181818
Mobile Software & Services,2010,58478.1875,9900308.92228603,2006.5172413793102
Mobile Software & Services,2011,61538.10526315789,5575814.408688035,2007.578313253012
Mobile Software & Services,2012,86794.5304347826,3731010.338196698,2009.420168067227
Mobile Software & Services,2013,104177.48314606742,4162021.5737813422,2009.7524752475247
Mobile Software & Services,2014,141355.97611464967,7995668.418400181,2011.3846153846155
Mobile Software & Services,2015,195644.23086419754,13844138.872361382,2012.3404669260701
Mobile Software & Services,2016,232927.32085561496,10858514.649220785,2013.4839797639122
Mobile Software & Services,2017,257379.85714285713,7222306.968293164,2014.134328358209
Mobile Software & Services,2018,281942.095004095,18617924.19802833,2014.7131230925738
Mobile Software & Services,2019,324064.33167613635,13704459.03157725,2015.3834762275915
Mobile Software & Services,2020,355916.11151079135,17356272.544974063,2015.647291941876
Pharmaceutical Distribution & Wholesale…,2000,281378.3333333333,69447004.60829493,
Pharmaceutical Distribution & Wholesale…,2001,1264.0,2469859.1549295774,2001.0
Pharmaceutical Distribution & Wholesale…,2002,89319.2,25935412.02672606,1988.0
Pharmaceutical Distribution & Wholesale…,2003,128707.0,11665938.864628822,1988.0
Pharmaceutical Distribution & Wholesale…,2004,15074.0,64603504.20720433,2001.0
Pharmaceutical Distribution & Wholesale…,2005,145412.16666666666,16908574.81473447,1993.8
Pharmaceutical Distribution & Wholesale…,2006,6079.368421052632,19161120.310784858,1998.8235294117646
Pharmaceutical Distribution & Wholesale…,2007,15857.57142857143,25743087.170361437,1999.0
Pharmaceutical Distribution & Wholesale…,2008,111230.75,26550444.537898764,1992.6666666666667
Pharmaceutical Distribution & Wholesale…,2009,65233.63636363636,35547871.37438103,2000.0
Pharmaceutical Distribution & Wholesale…,2010,88494.92307692308,6710043.742568275,1998.3333333333333
Pharmaceutical Distribution & Wholesale…,2011,88904.09523809524,17305628.31483549,1986.0
Pharmaceutical Distribution & Wholesale…,2012,60827.0,46623898.05395234,
Pharmaceutical Distribution & Wholesale…,2013,83813.90476190476,2419185.564336944,2010.25
Pharmaceutical Distribution & Wholesale…,2014,117440.23684210527,7618673.444572524,2010.9545454545455
Pharmaceutical Distribution & Wholesale…,2015,191845.48484848486,34748059.25217949,2008.4545454545455
Pharmaceutical Distribution & Wholesale…,2016,210926.06896551725,63512135.38468421,2009.5833333333333
Pharmaceutical Distribution & Wholesale…,2017,331852.55,429477043.25943387,1993.8333333333333
Pharmaceutical Distribution & Wholesale…,2018,318390.39130434784,29777430.93932133,1999.2222222222222
Pharmaceutical Distribution & Wholesale…,2019,381861.51785714284,13966929.630620549,1991.1379310344828
Pharmaceutical Distribution & Wholesale…,2020,460924.41818181815,9867530.414197324,2000.2285714285715
Pharmaceuticals / Drugs,2000,107811.81264108352,62419271.332573324,1994.778364116095
Pharmaceuticals / Drugs,2001,140007.82945736434,31966547.3233946,1996.0068493150684
Pharmaceuticals / Drugs,2002,115781.15228426395,27322435.905838046,1996.6163141993957
Pharmaceuticals / Drugs,2003,78258.93454545454,34975140.29431921,1995.761224489796
Pharmaceuticals / Drugs,2004,85077.14756258235,37497604.09591738,1996.7726574500768
Pharmaceuticals / Drugs,2005,88500.04612850082,31402464.769593403,1997.0670289855072
Pharmaceuticals / Drugs,2006,70669.01785714286,35217244.17388326,1997.5685039370078
Pharmaceuticals / Drugs,2007,53075.2949932341,34816040.70134134,1999.44776119403
Pharmaceuticals / Drugs,2008,78602.65523809523,31040583.776528988,2000.7545219638243
Pharmaceuticals / Drugs,2009,59080.636182902585,22548264.52971417,2000.9103641456581
Pharmaceuticals / Drugs,2010,99614.51594746717,18056791.80913155,2001.3537234042553
Pharmaceuticals / Drugs,2011,107922.43733333334,30982721.39019135,2000.3774509803923
Pharmaceuticals / Drugs,2012,107453.39181286549,24382218.759488344,2002.4070796460178
Pharmaceuticals / Drugs,2013,129666.71428571429,19080863.709506836,1998.816
Pharmaceuticals / Drugs,2014,154514.0736196319,29563064.867369533,2001.783950617284
Pharmaceuticals / Drugs,2015,246191.5566343042,22405642.221905805,2000.30081300813
Pharmaceuticals / Drugs,2016,236149.98630136985,73379310.00194909,2002.219298245614
Pharmaceuticals / Drugs,2017,308596.948787062,29610366.56339949,2004.5140845070423
Pharmaceuticals / Drugs,2018,316337.7415254237,59780723.49449833,2007.6384615384616
Pharmaceuticals / Drugs,2019,360952.99333333335,27209824.80013235,2005.8366666666666
Pharmaceuticals / Drugs,2020,398841.749636099,44045436.600214235,2008.0478927203064
Stealth Mode,2000,529338.0,150666.26339903646,1997.5
Stealth Mode,2001,525199.0,4633596.392333709,2001.0
Stealth Mode,2002,532967.0,383478.7166032237,2001.0
Stealth Mode,2003,518370.2,546491.3603222278,2002.5
Stealth Mode,2004,503844.5,410048.1026189204,1967.0
Stealth Mode,2005,530444.0,,
Stealth Mode,2006,518869.0,2715559.9603567887,1967.0
Stealth Mode,2007,527629.6666666666,,
Stealth Mode,2008,522937.0,526224.3358178244,
Stealth Mode,2009,521053.4285714286,2612673.3390246434,
Stealth Mode,2010,331314.4,2071381.5425812372,
Stealth Mode,2011,112950.8,2611022.166796106,2011.0
Stealth Mode,2012,137837.35483870967,1354567.656536519,2010.0
Stealth Mode,2013,148145.05555555556,6058384.05108317,2012.5
Stealth Mode,2014,170818.30508474575,1363430.8027037,2015.5
Stealth Mode,2015,225696.92647058822,2570442.752924579,2013.5
Stealth Mode,2016,265775.1447368421,4497997.50878068,2014.3333333333333
Stealth Mode,2017,276354.4868421053,4701351.030898669,2015.5
Stealth Mode,2018,330219.6666666667,5279273.107167032,2016.5897435897436
Stealth Mode,2019,376492.8526315789,2846814.8154664678,2017.7826086956522
Stealth Mode,2020,460650.013986014,8542100.992260648,2018.516129032258
