,0
7945,0.0010688044120622832
665,0.04370725833355862
7474,0.012114909808304595
6967,0.0006131486896760724
7371,0.028623657764497726
7530,0.00043249526835128425
7813,0.004177477310455656
8204,0.0049548932082078105
7446,0.001593583530769425
7196,0.0011430628451079981
7326,0.004520021510185547
7095,0.0011430628451079981
7226,0.0038095175469243115
7354,0.007838591428345434
7753,0.01802218707439125
7119,0.002615807396035605
9041,0.010228239921833339
7143,0.00308757444295748
9450,0.0012577054088263513
7548,0.0002885899368867699
7555,0.015381223142831647
8427,0.011604291451890207
7599,0.022441377350104076
8337,0.00322775561887231
1625,0.010023511100349792
12015,0.01219159316731801
8192,0.005144304197965479
12291,0.0028026353540777345
9242,0.003906041206310917
11861,0.005471723734496427
8821,0.028874049409719743
11392,0.004127493906703335
8889,0.04063758476751732
701,0.007279507705297146
2252,0.040230886055487636
7895,0.014559196624768268
10462,0.007107061728450974
8926,0.044165275343403344
2783,0.0034776518488415925
9451,0.006400746075970629
11513,0.03468285972608802
5402,0.03378640301334127
10015,0.009708111507125746
11623,0.008085854021397585
8056,0.031639918503491536
7545,0.06901991167146612
9096,0.044485709342199045
10642,0.006432600993102243
10165,0.07489079454058804
11212,0.0031474696284993745
10702,0.03886245034080618
10197,0.010281810288449867
1530,0.009468122833743929
6656,0.028662381903501465
8199,0.021360697515370716
11785,0.0608059151039148
524,0.0502134071879919
9749,0.06149909457730098
2071,0.04723965928417315
9241,0.03955708878673553
6682,0.059422645415074485
8729,0.04458712022952325
9757,0.0581618275756074
1055,0.05794860169643389
9248,0.0418925865064211
8746,0.0778826146265901
10290,0.02764598956178467
8245,0.030320026230893415
8757,0.06287617674823105
2107,0.03209268036790229
1598,0.035587304120477864
9807,0.07732240970189516
1103,0.059173898701646244
1105,0.040109240163228914
8277,0.04445566296155043
1109,0.023768861904630685
10330,0.02641753121071995
1631,0.05854841317386401
9318,0.038463580919250714
9831,0.04035946828586313
10856,0.051407969071649975
1134,0.0395817747928788
11374,0.03254542700274309
1138,0.05029361924384087
628,0.03300598549917724
1653,0.05865650067780527
7803,0.08182250152594371
3207,0.048662603266805764
7313,0.03516722503491823
657,0.031660657276122925
7316,0.023810751564279576
7837,0.033504491336281944
7844,0.06957525365112367
9897,0.0299810569787445
2729,0.035556106187487786
7851,0.07271088363906236
10414,0.034013596803893785
10417,0.032171035795789234
8373,0.026052902647831278
1207,0.04086459275656089
9912,0.07802174619619132
10428,0.03220507367437121
11465,0.022992119354823447
7370,0.0298014824354065
2262,0.03656671238857123
7400,0.07656696432636419
1772,0.0496607964253592
239,0.037555458826578514
8433,0.05665111805933427
9972,0.03763004648338206
7415,0.04217481690013819
11514,0.04195804390144477
12026,0.031685504830032296
7944,0.02655505390057903
11028,0.030518446920580953
10020,0.04421360189908318
7461,0.09165051998605797
10027,0.028635196349548784
7983,0.04418305887884524
10546,0.036665840473457494
7992,0.08656239923900495
10044,0.040568200611485805
9544,0.0413513899062658
2376,0.05359179105275041
10570,0.0652107849582434
9560,0.03972073126948614
9561,0.0690714708918522
9051,0.04941679599347411
10601,0.06933598974985827
8046,0.03255073553946808
11124,0.027984184866670325
10103,0.049616745730552816
7547,0.06491073833542936
10109,0.034531618866472207
1921,0.021827930884410273
9610,0.0830655225138296
9108,0.03582223844221581
6552,0.040652772136441556
9625,0.02641753121071994
11166,0.024300890730551885
8096,0.05297537496192807
4526,0.06537572944100177
12217,0.022949342014166617
8634,0.05078422238023387
8636,0.05568089031967551
6589,0.0935758165816793
8643,0.04289906704527057
1990,0.02641753121071994
7626,0.09305011779205491
8144,0.033623435138753
7638,0.052238305945771134
9686,0.060961865811193124
6620,0.0457776233118377
1500,0.036206477764347274
1505,0.040482541472455974
10725,0.034959842878959854
11751,0.025173034479013624
12263,0.022997577514544225
4585,0.048184736895910026
1005,0.042071429380664764
10737,0.03953002616996702
12275,0.030888924030196354
6653,0.02837034300077911
1018,0.020342677709144098
8734,0.02143930849288594
9249,0.04676068481086868
8747,0.011149996324921337
9265,0.009644048475489452
3122,0.024627587811203427
8753,0.025202919345410548
7730,0.041895638242761365
8243,0.008919544000777314
8763,0.018664752636505206
7751,0.02933242064638675
9293,0.039171236781380146
10319,0.009419320717802687
8286,0.013601468729120337
10344,0.01405817864725964
8814,0.032089053345417035
9839,0.009419320717802687
8817,0.015610696373532339
2187,0.0105089434057901
10891,0.016504491764889988
7836,0.0241539283614662
682,0.03648508778527436
9899,0.01612144693887315
173,0.009093752164386447
9392,0.012449378407703177
7884,0.014726793982997078
7374,0.012139034859453723
8914,0.01558592836781416
7892,0.05846731610568225
10982,0.010113887889456014
7402,0.02493141976494616
10475,0.04301530187006828
7928,0.051673002497005495
9473,0.019424578484562485
10498,0.012993189564447748
8465,0.025146876454928004
1314,0.028232068832284078
8497,0.014728216186133961
9019,0.07176254982449637
1340,0.007329893094884452
9024,0.015460875236136793
8520,0.04994118486911374
7512,0.013417218158701602
9565,0.014151826659747938
8058,0.014150551693699111
8576,0.010563032926157389
8582,0.01313521966591357
7571,0.03177940340337992
9121,0.01061346248973784
10164,0.009419320717802689
12213,0.011339488008767738
8631,0.018883910140228284
8127,0.0235086735060314
8128,0.01537294004357058
8644,0.018834612077352594
6614,0.024904339693849614
11738,0.007183423653083524
8163,0.01182373063087536
9699,0.01616232593558412
10211,0.02789382047068271
10218,0.0094773350970122
10731,0.01916291889616026
9197,0.009644048475489454
1017,0.01917735943057133
9722,0.010415812419836416
8188,0.016232863893460053
7677,0.019420508450601854
9240,0.02293869193480094
2591,0.035349156590836685
8241,0.03163584903981989
10306,0.007557290652927972
7790,0.027425164352489803
8306,0.011388103201366611
3192,0.03223360007293695
1164,0.009581307782058015
8332,0.027750015992507152
7834,0.010730979623681254
1215,0.01158873631654875
7889,0.01192725664243061
10961,0.029824207538731974
7891,0.009716895075919278
7897,0.05978783123575788
10970,0.01626668464855587
9991,0.026340107190294837
8467,0.01458005795646753
9001,0.019433833510616148
10541,0.020138324382973537
314,0.0311172588331261
10053,0.01158873631654875
10054,0.01158873631654875
10062,0.02083326166948429
8528,0.008047158150793994
2389,0.013006866660733033
1879,0.012913866269980496
9054,0.026368627042326204
9058,0.013655847111451607
12141,0.006792315976475329
5512,0.01203699237731374
2457,0.054809606756141833
10182,0.012739793274754625
1503,0.01483206902030834
998,0.03554136576039029
10222,0.03030118654475263
9718,0.030212983146704515
8186,0.008983808039237859
1019,0.047431423647559846
8190,0.042991043993690886
11398,0.005531463324520863
11399,0.014239063104591995
10770,0.014322883322957239
7444,0.06898900762138802
11289,0.029717292983427537
7468,0.02364965592413822
561,0.025700545966260358
8247,0.01277770317323211
6585,0.008227843063333042
1724,0.01083593552231901
4669,0.008282841986580428
9537,0.03391342682990568
10945,0.025204267586517254
7493,0.06177521523632307
11463,0.015782962125846803
10184,0.014966368473800333
1737,0.012785084481126547
8778,0.012723780111583623
10830,0.029870176955828956
8152,0.037434336284333174
9562,0.040348632599666416
9308,0.015368117467762295
1375,0.006579736280732979
11753,0.01857756774124469
8557,0.048780892312563155
11633,0.032069797680283375
9847,0.017715601108830678
632,0.03046835083203285
10364,0.020590831415954258
11009,0.012304052537060052
12305,0.0013146379895231433
7581,0.0031386541000245375
3231,0.004633730662677174
7967,0.004366638583600635
804,0.001140828440279199
12197,0.0011082017168354149
8230,0.010455155343964623
7856,0.03588333210822752
956,0.022174078047798126
999,0.009511539870000732
12014,0.002091568196591824
10598,0.0020922986704641176
7560,0.007967609110057311
7273,0.0005209957118737827
8980,0.0003055245375040952
6549,0.022236130795748214
7422,0.00029767391586605024
7869,0.0015757813466745886
1053,0.01256870223688239
9257,0.00949761734200952
7606,0.011984547172618754
10042,0.002115249940521803
9942,0.021369186970095776
6623,0.002544506452774082
5237,0.007529234776164173
7546,0.0034131146763555944
1570,0.04831252056303599
8028,0.03339073263865152
7439,0.025756186570895536
946,0.03930259294693536
52,0.023150128824166897
7955,0.04651215423739266
8468,0.015847772958104155
8348,0.046375742561860896
9281,0.0083590725564097
9607,0.018653717113591557
9130,0.018593597875606018
7437,0.03570210996800773
8431,0.0025303442313392398
8016,0.007930442443903904
10735,0.0023312967047465715
6582,0.050399814435612124
7996,0.03436978172207776
971,0.02019354163366772
7504,0.01667354233729472
2195,0.00913715145425407
9747,0.0036014830680295806
803,0.031568874306065024
1717,0.008651583867807105
7364,0.035331063711715925
7756,0.014397699285147104
8032,0.004199178367297915
9717,0.04285160824161095
4600,0.013528709942216274
4601,0.03245970716144822
7187,0.00017294287895874234
2971,0.0005492161155169306
8110,0.013917965309933809
6963,0.002446804284548666
8438,0.0026249778727512095
7801,0.005960961232528669
7314,0.008384998050215592
7443,0.007871212459875881
7295,0.005669219047602388
7217,0.0007207516519014274
7139,0.0003490922666627335
7660,0.005308216446489942
7513,0.004732664138061866
7378,0.027529264581277933
8440,0.031503427577561985
7642,0.012332046799102237
7643,0.008013057771526052
7549,0.004982516893236268
10302,0.0014103752857933252
7363,0.013564736874445427
8498,0.001817988924523664
8693,0.036800639088682696
7160,5.250596866719132e-06
7060,0.0001570017617624664
7080,0.0007728728565798533
6962,0.0006335393092732009
7002,0.00013223765333636472
6924,0.00041422358461133555
7053,0.0017535631658503975
7197,0.0002450255137024833
7727,0.0014875780580160744
7346,0.008033700187718871
7250,0.003044366224483804
7132,0.0013129328351020343
7287,0.0002444537947460918
7115,0.0015196596925508945
8077,0.010042563428165436
8357,0.009427332807308828
9126,0.0015445973662932123
10026,0.0015445973662932123
2110,0.015894723242238108
7362,0.053050115124290025
972,0.0020223286270755645
8269,0.014141508599325113
10575,0.007526960757593421
10595,0.004526056791642573
3052,0.037629592950097795
8329,0.002366941847735884
7311,0.008432024461860785
7315,0.007623919438160947
8091,0.0058187338298008
8353,0.016896413134267336
7854,0.02362370890781724
7601,0.042777420623381
7604,0.0012592599223125915
10814,0.0023529307271925814
8639,0.023622372334296766
10815,0.006669763377070434
8132,0.0044139790534966
1501,0.028695449325582375
2414,0.0012768150796017743
8181,0.011295101171813695
1645,0.024203679671934313
8193,0.007957066350181844
3106,0.0027099705061460785
8677,0.0038010248635759786
6631,0.0026699529975599463
9864,0.0015654914330300097
7689,0.010374858395860102
10474,0.001605516982025598
7948,0.008069832342354456
2674,0.015515214428716386
9526,0.00835377817823371
2902,0.013487748709362058
2555,0.0029320836514473933
8705,0.07660657038176104
7544,0.04227178035547351
1882,0.010709792724434118
9985,0.03404151870936733
7556,0.06040972852342094
6539,0.07631539280905675
6665,0.04308578028944048
12048,0.030385195345033197
9622,0.034124620359589804
26,0.04253336856776362
10920,0.03902224509607878
937,0.07878034197776011
7594,0.020535700134647
9007,0.05242133594718444
7472,0.0611441466389473
6584,0.039194849788163864
10938,0.04917450807092073
1222,0.049074336535099634
1614,0.06310430534728463
8273,0.0638634167900911
2133,0.023715966069533623
10458,0.05334320861165086
9307,0.046824971262152924
989,0.04910758021684784
1119,0.06493592810542785
10721,0.053757977408548575
1121,0.07271152524562954
358,0.010548422565256248
8168,0.036098340753156044
10865,0.04672138488311982
3186,0.05911630217975016
9720,0.04039831615409538
2553,0.08625379896322596
3194,0.05794946381739981
9724,0.04381107135505665
9854,0.057431153228052124
7563,0.027884664370543273
9965,0.018142896824020104
8560,0.004488189340307474
7376,0.005512189484627427
9684,0.00927133033402979
10580,0.04877309846471245
8214,0.030051528549263865
1112,0.05071354547970482
7550,0.0074735531888459154
7435,0.03567817789252196
1070,0.02872967149061521
9039,0.012846939133836058
12269,0.012435508927387205
7465,0.01491881338480519
10113,0.05801228365287775
8034,0.022486267454079258
906,0.024881745337045163
940,0.041058743641678115
7413,0.03257633067858425
11031,0.005087586814229775
7597,0.03281699719535083
16,0.03639081342943035
10773,0.004530026957366177
11346,0.010848806119168603
5207,0.009984952968228877
10349,0.011059731614043392
5230,0.018627372429260425
11385,0.006349795527681711
8844,0.007182903326750618
4750,0.021224475015159765
5277,0.025859767696331765
9374,0.025585891120867683
11934,0.04103941222561411
7843,0.040879769372683124
9388,0.012095237448815447
9390,0.028844613837062563
5297,0.020707583503877962
11993,0.01002525254269507
7398,0.024308414365074943
2832,0.022679892974597483
2329,0.011669250490006429
12089,0.016771819372755997
11068,0.010320793180539018
8523,0.0076053973438390005
10578,0.008674749902880625
11621,0.011807932374075892
10619,0.0076543565509668175
8063,0.013453333000547053
10663,0.01622274147242383
8637,0.0067718199564903185
11202,0.009459780895496437
6095,0.007793856846999303
1498,0.011950423219536868
6133,0.017874675100647736
1016,0.005649819989815675
10745,0.010320793180539018
10234,0.01470585601876459
11324,0.007069909768065194
91,0.01639751888462805
11424,0.05201362874067672
12061,0.0014137905493314157
12074,0.0015041702447538
12079,0.0015041702447538
12117,0.0073712663232005085
11642,0.020968934895332123
6578,0.0021253166610799143
7808,0.0009569631881191009
8320,0.0009549400416059278
10756,0.00568871433474103
8846,0.0011029490895948053
9236,0.0006549436982052874
10397,0.0070868006858034035
11428,0.03510399338417007
9289,0.0010516334329902983
6627,0.015190756729059625
10864,0.006254312942915709
212,0.04429447390273564
9988,0.0029219972454219193
8333,0.027721624228275094
10016,0.011007907560220905
7602,0.005818507559066143
9910,0.036418669615967125
9795,0.004667759249998158
7110,0.013602143399072767
10331,0.02543926965787038
10469,0.010146959637898967
12136,0.037435862137639886
10609,0.014898766600197448
11250,0.026663330591865163
10168,0.005111509784927418
54,0.010995420259978458
11840,0.030897128194167074
1225,0.016781832524556298
8143,0.0465932446410375
10114,0.0025994065615801342
7690,0.025263348978965542
3352,0.03893568861039352
12058,0.027441395479452086
7324,0.0055069018607514465
10782,0.0019513051907137525
7866,0.004929547021889323
12090,0.027441395479452086
8529,0.0037160952945767766
7901,0.004596258475838155
7802,0.01898604165538067
8062,0.03905049932120603
7685,0.0025989708533454337
7942,2.4285938066018976e-05
11855,0.0004323573050036901
2267,2.572662229234453e-05
1020,0.003659098589971892
9621,0.005911700865390876
7842,0.016404965242815494
6563,0.0072296415252876625
10796,0.00024330504580569482
9938,0.0072802996939836636
7180,0.003608290390326057
8727,0.015452002930232777
8732,0.023567957654600687
9247,0.026633584093867256
4639,0.01478348431301439
11293,0.006327126591265797
8741,0.009780168376478484
8764,0.025552911984401773
9285,0.01756987800236984
1611,0.012880311554816337
7266,0.0021164970049137965
9320,0.05156831745433882
7312,0.008619838853802776
7852,0.031457396977787745
7862,0.016174702041081734
7361,0.011563216597727742
8400,0.015602175534886515
9937,0.04685438583952814
8917,0.01062481184995825
7403,0.011348402514964322
9963,0.021136293793068184
9469,0.017135370167538813
8459,0.008448167933705364
10513,0.008453937100203451
7958,0.022538194663748713
7965,0.018385876409352405
1822,0.013358899016668863
8482,0.007064568638828664
1827,0.041853576342902786
8492,0.012287537320916881
11056,0.009169021661708807
9531,0.00873741508122036
1341,0.01093359213607728
8510,0.008339598530846546
10569,0.019823923692499523
3414,0.008763266399153395
2407,0.013555275566378092
10108,0.01565460570243829
7583,0.005641857894928992
433,0.010615039460539245
3005,0.027363540277250582
1983,0.017300919174734905
7628,0.026721264536486225
7629,0.0117315684582213
8150,0.027624830328651876
7645,0.00928449384545924
9198,0.00730654693480788
8702,0.01059519833152362
7587,0.0022248108109412757
8330,0.0078000763210976515
8725,0.02201520140119882
8278,0.0019309698711530627
7510,0.0042424453784506355
7514,0.0027851202082228104
2060,0.005534913880566256
9090,0.042891466581079125
4613,0.029683150568918223
9095,0.057179736865044774
7438,0.012754947351256585
2069,0.025543558176460226
48,0.01845168389830889
432,0.005531837252385686
2369,0.03838168184508006
970,0.013752894455533975
842,0.05322382556180195
7505,0.07139902210754294
7898,0.010177837287837083
2273,0.045931034109765616
2152,0.01130659542141689
8428,0.020574194535640616
3189,0.011082627630227321
7427,0.03612008156067611
2469,0.04081484594838093
9770,0.011851239713698636
7600,0.030845194336168526
10301,0.021714885791502436
9809,0.0246760708100358
1628,0.022581823717175462
12128,0.0035943939060665616
867,0.02163425979187581
621,0.024741967031935146
10097,0.011908970808382189
8057,0.030232532151360608
8194,0.023494564899413196
9446,0.02990217547833598
680,0.015797651100406717
10105,0.002301152380553938
8352,0.007561700922891882
9640,0.02686461019526846
6592,0.024880241828009766
9932,0.002041418967005325
10322,0.010055732604960642
3036,0.002159222573763192
8689,0.002041418967005325
7541,0.0020130263469061594
8314,0.02350168724830295
8216,0.00022799192454446603
9967,0.0007575038605100756
11783,0.007962710002915601
8758,0.01605219099645519
11335,0.008627424237965683
7252,0.010667092724407766
3182,0.026214323864710214
623,0.032943544678158736
11927,0.009398127114838327
7344,0.003626372446826419
1722,0.018442216562533375
11481,0.014401091712181086
11488,0.03930196537885077
9465,0.022831655764784735
10495,0.009381643870244906
7974,0.017937225858663707
7982,0.005886549976418715
2370,0.016531283654670954
8559,0.028133595333140193
882,0.00882446319481253
10111,0.009874290194285401
2466,0.01441949622544263
7084,0.002469118217632549
1529,0.03541207454595482
8232,0.013321376723451711
7739,0.03114611878365489
7239,0.013630253799137465
7759,0.01079496144606012
1615,0.02230946610641642
10898,0.03048328482214494
11933,0.02973699786513065
8362,0.011959028922597979
8891,0.014810392998637094
186,0.019649753184892912
710,0.011312836106737539
1223,0.05471333981019222
7368,0.0101126561666135
8916,0.04045599761052957
7900,0.012421862555981676
9964,0.02413894638613391
7441,0.032447869930601045
7448,0.032536193080092514
7450,0.015334159056627796
7470,0.017822535451044837
9539,0.029381479702642512
3406,0.02700032429798555
2386,0.014107471758680766
2387,0.020767982747546074
11103,0.02876866868883861
7529,0.011592288785546311
9067,0.01123974198811699
8069,0.017385305973186636
10124,0.04301315232886839
8084,0.03691795879608131
8085,0.015648592761668474
8094,0.010300630999060251
6558,0.017029605399971084
9639,0.04237079744573425
10155,0.014679989328631375
8640,0.018204929444939028
3015,0.018407198560265847
9163,0.02329460177753643
8147,0.02901236630341424
5587,0.022981786771710925
8155,0.011273902222744396
6630,0.025550026428268577
12267,0.00912295917681675
8695,0.011304397251250925
10235,0.011397893627130605
8202,0.004003231652375145
6541,0.006969079063496037
1689,0.03054886997322795
8090,0.0040753409142207835
6681,0.004611458185780709
6564,0.007624414389267041
6575,0.011389925059522533
7732,0.0030007978066068104
7486,0.006441462384652119
8002,0.009947394286496328
7748,0.024202399144742533
1607,0.0431263545035384
8138,0.02349748255830282
7379,0.01449686453946028
7904,0.012484229309271866
9453,0.01040967447483
7540,0.0021949716568612824
3063,0.041797060654564046
11842,0.0025965547266000376
9391,0.00435621987485948
816,0.03783416200329045
10903,0.04858554494856063
11509,0.0034156994920935763
11476,0.04267587360008119
10525,0.03690625012827585
8067,0.007060062343312399
8453,0.026017199050188924
7617,0.0031902347331666104
2009,0.0062746157768755065
684,0.000580198317881157
9376,0.008485265796119128
5373,0.0017805389696200686
7350,0.0007782675247189636
2599,0.0022592127502127197
2627,0.020516846846925032
7310,0.0010025738669982864
6866,0.00019871230191516684
9439,0.020985855660029553
7393,0.0011074232350181468
7466,0.0022651003074079506
6971,0.0005163563013008549
7491,0.0011074232350181468
7496,0.0024854483297827843
1979,0.014281485384026129
7620,0.0012288779917634422
7255,0.006299172887066811
7188,0.00020200723010196684
387,0.0010887782836096738
1604,0.00639705702567136
10576,0.002945253495785366
10368,0.010692903980628922
4521,0.002312396105647729
4665,0.008237577695529711
12218,0.027773053297583294
11066,0.012446172020712585
3412,0.004267048847019513
10846,0.004646626825986732
10095,0.009571878957440185
6518,0.005063864502034433
10489,0.02948165503970132
11019,0.00013328951886064198
15,0.00011209232892337942
12186,0.00011209232892337942
10040,0.001826051351347973
9800,0.015882795275641747
1010,0.00013328951886064198
12023,0.0031457831523970443
7680,0.009508177797183685
2563,0.04541896131646527
9728,0.014793796643438618
6666,0.021047634031918713
7699,0.046881929470891315
8086,0.010563588019037819
8344,0.010563588019037819
10518,0.0110882552236102
668,0.05534400850808498
39,0.011146102583717222
10152,0.010804555678601599
8107,0.07269860154134317
9012,0.010873333896507416
9530,0.01093377946070319
10812,0.012655143765367352
8525,0.021279626284372764
8398,0.010569567982820584
975,0.015958846229751463
1366,0.03343594105971119
8030,0.009508177797183685
9441,0.01893461298453854
9572,0.037062109983887474
2924,0.021326484873185007
8051,0.009508177797183685
9460,0.035418804540988245
11515,0.04333843848264757
7679,0.02381977136669823
2562,0.015037283351577467
7688,0.013858054418292234
1613,0.03714671548156279
8809,0.01696285621214385
1166,0.007812942183128033
11940,0.009685209144992792
7846,0.03677509632956359
174,0.023150450905826948
7394,0.005433012887758107
9524,0.008466695971472935
11576,0.010547275783241451
7553,0.015584538756737865
9612,0.020607365928504866
8104,0.007207938830289428
7605,0.010545477417869192
11701,0.01743773491489967
995,0.02081951529631469
11252,0.01674202308034664
7678,0.012329969314218071
1666,0.0009506268789895141
8196,0.009622214110855003
6532,0.00486720183642117
1674,0.0008445164644272524
1813,0.0013365971932931854
8088,0.0006143332686947078
11039,0.00041060348309748617
9641,0.0070759309037551265
1843,0.0010368700238888426
9917,0.0023944457818939817
9923,0.0012838543242352596
1733,0.00938051160460953
8006,0.0006143332686947078
8009,0.0009547383989629421
8011,0.0006143332686947078
7766,0.0006091525433866519
8291,0.0006541785584189334
11620,0.00041060348309748617
2796,0.012756366338181172
9974,0.0006527110499652794
8825,0.0006527110499652794
8826,0.0006527110499652794
10509,0.016825777933228304
9119,0.014072151848699317
2211,0.0019449514785051477
11709,0.013768810592949701
2139,0.002858929067843509
9182,0.0005916297716398189
9229,0.000628878720053746
8281,0.0004298334281291731
11895,0.032474413036762975
9359,0.00037391956101332803
10013,0.000628878720053746
9555,0.0003818933267547865
6673,0.013725657111144356
9436,0.04497642415401838
9000,0.0277010359980381
9008,0.053996704820423604
11077,0.0187486226338508
9808,0.018027098812373132
11859,0.003363217766762596
3185,0.01372159370920126
8312,0.012569692154274366
3195,0.008727382754665697
3201,0.015280661378724043
8335,0.015106629815467221
655,0.012634899460830703
166,0.011030459822525335
11450,0.004161375459938117
8897,0.013871338560914912
7380,0.00660141975099166
9443,0.02388325402966526
6886,0.006094039175261305
8429,0.008088756452192088
11029,0.004237504413143974
8530,0.0037225189678039
9624,0.01708387860031433
9711,0.004443412882044461
10271,0.0057957812601402295
8755,0.04214392845911321
10809,0.0037626765088637423
9844,0.0032045780009191467
11930,0.005707983685467778
10492,0.03196285634167758
12062,0.033745059160968253
11040,0.01822031757229435
10572,0.0106228580037343
9073,0.011690356047240214
10185,0.008254948564159875
1312,0.0023896256283559843
1672,0.0001040011576800024
768,9.51805611185733e-05
2135,0.006761684445586798
11306,0.00010885437629355339
66,0.005374272435347888
9818,0.028149696167689312
656,0.011864989997016665
706,0.017485318757209295
9970,0.004186520698320763
9975,0.0047478040603340784
9474,0.020297179885117332
9995,0.002640976400699412
10615,0.006221715478031121
8627,0.019447299268790356
11109,0.00012059022733694953
11050,0.0009609838522359264
1324,0.001121686028056454
9305,0.008229453107982959
9597,0.008835086517728805
6617,0.025113280996013378
9566,0.025229037190537366
10729,0.0035519800521962752
10861,0.0025423461659646587
626,0.005578883248299891
7812,0.02585196479972009
10243,0.0004484715044830953
11113,0.00043440776862320023
9556,0.002739894453132015
10676,0.00043649319259104975
8413,0.00043649319259104975
10590,0.0004361142905498405
6565,0.015298532963331191
8500,0.007204026404502443
2127,0.002331277348911492
10194,0.002865990581354482
11262,0.009979980532321596
1031,0.001309154401665975
12169,0.0014811855661499252
4624,0.0026443839444872303
12187,0.004169837356521832
11434,0.0013535673106128275
7853,0.005980943436171297
8014,0.009601560780943893
7632,0.002934394980710916
8668,0.0027329553735346837
2140,0.002130723615407157
7903,0.007719932819837092
7991,0.00480413090784079
3161,0.046862732313082286
9851,0.03847717300454377
1048,0.007169698120445249
2075,0.005334028243377766
11942,0.0018214077558952643
345,0.0021152109029128033
2570,0.011953370383989624
8480,0.007289229669677876
10246,0.030336305529464376
522,0.07140291291686969
10771,0.02916160531660904
8242,0.030474952249221664
7749,0.053938454944114415
8272,0.06094333627270334
79,0.02236450658660478
8790,0.022074357759418354
1626,0.02713583003856913
10847,0.02698487126267409
8292,0.02117262586586552
10342,0.021373085517755037
10348,0.02155153254123755
7791,0.03751117041719984
627,0.018325531807833553
638,0.050431310982670466
11391,0.022437183970725763
8371,0.022492988451932348
205,0.022356199410638163
11477,0.024886901523631013
7896,0.04580953431620084
8922,0.05034949518888993
8925,0.02184973705071576
2787,0.026112077773199408
2790,0.02883384404446472
10473,0.02699301679738922
9455,0.030400703187433972
11506,0.022958016116736465
10486,0.026173088898425022
11511,0.025802709170561166
12072,0.02213231256228132
1346,0.03380534884009027
351,0.06676970918350238
9070,0.021420331139259237
10621,0.02884566880983247
6530,0.023644878722969102
7558,0.030080868262496088
10133,0.0219550959691255
10661,0.023120346100129342
9129,0.028084546901533405
11692,0.023383710307654616
947,0.05397565156755309
6596,0.022478136989623514
8133,0.028333550951576608
8149,0.03813618392510417
12248,0.019574130285410885
9694,0.02884626540148759
17,0.002308751814149518
7509,0.011284403715158998
862,0.005028156144534282
10757,0.01655091551709944
7693,0.020520249027740575
7698,0.051880533889636773
8229,0.02414397692639308
7754,0.027613150452631716
1648,0.029458428217006928
9842,0.03447414788566128
10363,0.01655091551709944
8324,0.016641008633671243
647,0.019216932995603616
7833,0.04481690634931432
8878,0.028177282248184932
8183,0.016623217874235294
4827,0.01729697958154151
7388,0.018854715332209837
11052,0.01276157947974008
7476,0.031008601280246198
1848,0.01647365304331432
2379,0.028050697462057052
8012,0.03589481199338659
1373,0.02126079135440839
11112,0.015107632198337688
9087,0.03221485044293964
9606,0.016638124002815943
11680,0.014206315465504412
2471,0.023464318661623317
1960,0.030061260728812853
8121,0.025442166419786673
2033,0.041828595266168854
10136,0.0005774978380907301
8478,0.015991129218887876
7715,0.002177272067342606
10931,0.0027319117525659805
10420,0.002010989031356772
10687,0.005456446036799024
7873,0.0016592823378618372
10483,0.0005371190398981847
1279,0.0016706117608638507
10599,0.003369182260961115
7445,0.04208567889418026
8284,0.016750818513801172
7692,0.009192754668685505
7823,0.0024322820330740244
6678,0.021487355211442537
3370,0.002138253536582766
4655,0.002490398803127309
50,0.001665908114987159
8658,0.001665908114987159
5464,0.018491020622800045
5088,0.016871331388571775
8673,0.04513562407371408
9956,0.005109235041306419
12300,0.005312354306394729
8334,0.012294117706744564
5670,0.011649259246354637
1320,0.006831438884179923
8148,0.0004056895865073446
3033,0.0004056895865073446
10476,0.0011800522210941105
8430,0.006492746418963293
883,0.0024871260778249558
8603,0.03774051320633905
799,0.04354760814713164
10706,0.04530878728524339
7674,0.013819202515586878
11472,0.00041567061451673235
12032,0.009422110400733603
10511,0.005299538827425425
3219,0.008568630276882096
12233,0.0018792235740197041
3410,0.007802582003988964
6622,0.0025273271679703453
8414,0.006819185605623948
11622,0.0021700073807574953
8551,0.028153177848816
771,0.03918521683084142
9764,0.00887538869665078
9413,0.006368075359440555
8522,0.006385433580899585
7639,0.021634035975187173
984,0.009103351743098433
9317,0.006994646759169799
9212,0.006368075359440555
1634,0.009085079323603517
8346,0.013520057251394886
2203,0.01591114579114437
11425,0.010870634133101305
10971,0.004548012961071443
12016,0.004637751255725665
10517,0.006036524629858982
3407,0.008357553807541251
11704,0.008865153671912795
1545,0.0028008288207707877
23,0.003995631713067636
9769,0.01056235796621452
4666,0.002792764497110335
4667,0.011442105954166466
6605,0.020201555872208364
8142,0.00913921418666298
1365,0.017482995549746097
9057,0.0028383973024717337
2406,0.006358678640180886
2408,0.0027927644971103343
7786,0.012358377434610934
7926,0.0025358372002303176
8185,0.002062376872348987
7426,0.0003068562135874488
1699,0.009447208225752336
2042,0.006930642929346932
2095,0.015885249741991573
81,0.002859066654359646
625,0.013074518640438392
10980,0.0009373486237362712
9748,0.003134079427963117
1268,0.003997091025416619
9822,0.003134079427963117
11184,0.00034227878225619337
12214,0.0002814608194084344
1656,0.005186659290942468
10125,0.0005244906562145598
11936,0.00010322680519519038
824,0.00010322680519519038
817,0.0011754525928939705
8439,0.00800231281541611
10941,0.0002455138678558738
8534,0.0014551478503576005
8526,0.004938177270770561
1142,0.0001561168671536757
3034,0.00069539969715631
9692,0.0001561168671536757
3397,0.00022347662967966086
9467,0.005728622561239733
8345,0.012555162783724776
7835,0.010146870694870807
10396,0.04062028267012622
697,0.01496071832684868
8890,0.04592672510634397
7745,0.027182656575570584
7747,0.015096521883231708
8271,0.013952573905841202
8532,0.012569023296828975
8045,0.013066968502049825
752,0.012281895775439183
7929,0.008211696642191405
12114,0.002133363492932048
8672,0.00690322266912059
3210,0.014534253157280266
7966,0.0017776865802170338
8235,0.004229469981852982
8140,0.013248417269504379
7399,0.004364053495629318
1643,0.012404187290894472
7789,0.011211844800561154
2024,0.015595960734248513
976,0.016517542259556848
8017,0.004628101490274976
9859,0.01649470476372207
9120,0.004093639283951123
5186,0.010716080260519548
9006,0.00020411318099083694
2120,0.0003399937863738112
861,0.0024956407131991763
9683,0.0014603142198880475
9811,0.0007927625301653532
9427,0.0006182997281527224
1755,0.01605742759704007
3177,0.0005808686702054234
11850,0.0003853975498243945
11852,0.006838635362806878
12261,0.0003853975498243945
11517,0.0003853975498243945
11172,0.006448282289846777
4823,0.016047819295480985
11486,0.004932584112554139
8417,0.015779022174251374
8227,0.01823797282055685
11890,0.00835898655478981
11954,0.006724364230262608
10989,0.004087335245067478
2352,0.011199080759439635
10106,0.014121900324506935
8160,0.005885395607189627
7272,0.0010094991118430696
7291,0.0009378601569853268
7342,0.001274241252018897
7412,0.005212150038861704
4522,0.0054346826342046095
1974,0.003063741874701103
10688,0.005008164832491947
10057,0.0030623011292270678
10849,0.0021533015393860335
1007,0.004354018635260256
7682,0.007847466251466446
8580,0.017632971088964694
10630,0.0036694827796015907
7564,0.005874200547689681
8102,0.003482035229363156
7592,0.007850028337148377
10937,0.0038844717814474233
8010,0.005280093980137552
973,0.005112575769962908
10202,0.0033277472761075347
3224,0.02464664874687561
10412,0.0013525991290169687
7223,0.006312658024949593
9929,0.016011988786423806
7800,0.004387643771557237
9055,0.05088365089464551
7416,0.011806792188624963
8611,2.3591760163819808e-05
3212,0.0005100715598535389
8578,2.1030358868666056e-05
9829,0.011884364220201062
10732,0.0008597253408246893
942,0.025757076133455636
11023,0.0009199910525567844
7840,0.01016744812047821
12173,0.0001334142605111914
9905,0.007503606569037457
5182,0.0001334142605111914
10370,0.00025333145153769106
11013,0.0023810660770925847
11142,0.0002871366112226294
9638,0.00025789796561511693
11175,0.00025333145153769106
2094,0.0005274550800275055
1072,0.00025789796561511693
11185,0.0002871161709548178
10682,0.00025333145153769106
6595,0.0023112455561261134
10824,0.00025333145153769106
10850,0.012902519186685633
11886,0.00025333145153769106
10654,0.0001018399238262293
11952,0.00010150793338896882
10169,0.00010150793338896882
10429,0.00010150793338896882
11594,0.00010150793338896882
10063,0.00010150793338896882
10066,0.00010150793338896882
11093,0.00010150793338896882
11006,0.00010150793338896882
2111,0.017342301449905093
1228,2.739989598248917e-05
9414,0.012942938997097624
3060,0.001963979428547131
9534,0.0037473769316197134
8792,0.024046246369985345
10978,0.0008236632919499547
8174,0.000633481110976246
9958,0.0024091507707297067
9262,0.0022921245577802924
8912,0.004310350306076723
9118,0.0075155383269984
8435,0.014064740374333293
9059,0.0015140820668977626
7271,0.0023937551981339125
9128,0.0003600702524655102
7554,0.0012107466791147913
8742,0.0008791226665603354
2669,0.03292399684005124
7389,0.008946892346660854
7551,0.041434054083650404
2478,0.0121733945413955
9106,0.00046634401234359754
9372,0.00046634401234359754
10662,0.00250677064971998
8905,0.004489325981848938
10060,0.00046634401234359754
6619,0.001872200702724152
12124,0.00046634401234359754
5067,0.02131152716454292
10175,0.0014982701101615805
8409,0.0030859848609725606
1348,0.005823462266342186
8700,0.002098419480848879
12070,0.0030494084011646154
1838,0.005581814246921832
11167,0.0028937021196641937
6577,0.006765396489888849
8745,0.0027777671205580744
10922,0.010705655013568544
8877,0.005302313695831134
7508,0.008347946111000272
1013,0.002897673256533609
8599,0.006662895803778094
10329,0.002720044520296823
9367,0.004023495765144628
687,0.011996921073007151
740,0.006576729136788368
1867,0.0011182839535583437
7432,0.011223221083689993
7977,0.00583716378098306
10538,0.033696990439067986
7847,0.0019143734907623915
1061,0.009973360554549296
9254,0.009149468814814583
11334,0.00870651394105271
9840,0.009149468814814583
7795,0.020484250113174465
7838,0.010854713641765589
3238,0.012659256342999045
727,0.010958294417997193
10501,0.009149468814814583
3858,0.030105816637199714
1834,0.00870651394105271
10543,0.009149468814814583
12096,0.00870651394105271
851,0.018294637738122847
8533,0.03126725769304551
902,0.014524267404576147
8600,0.012627361792222187
8633,0.00925081594585857
12219,0.008713817120261303
12235,0.00870651394105271
12251,0.00870651394105271
7811,0.006670086177946498
4633,0.005229977704163578
10023,0.005023345809746464
8233,0.004045647073022741
6581,0.006531277059233412
7899,0.012962073217606127
8452,0.014773185431783511
7433,0.007311004086077537
11790,0.0013559729847682403
10079,0.000935811859106589
11627,0.000935811859106589
661,0.006073358604026222
7322,0.0010680843850764024
8117,0.0013764944333504526
9563,0.008015619573276202
1807,0.0033757132437997246
9360,0.0023965304345014466
7994,0.03640043015605157
9533,0.001422409127464033
982,0.03497728357184256
7259,0.0014767761057070813
9845,0.01197867934443137
10295,0.0005949141465662565
10704,0.0004805449463903376
6616,0.0067169635204599315
874,0.004330015015238292
7976,0.04725527741579
171,0.008393114813034497
7799,0.0019567856219625803
10526,0.033463189155156274
11541,4.018165048454795e-05
7464,0.0015079275092333615
7562,0.0035164423495795735
7293,0.00450641835831297
1097,0.0058540415703014605
250,0.002525017661795424
9018,0.0032280676025441156
7244,0.009456312198654665
8415,0.004136563791006493
7924,0.008096085460096849
8852,0.0045514534543083015
6597,0.004248836331943218
9710,0.000757644647256978
9089,0.001289996275807514
9580,0.0012677672602651306
9068,0.004817569047085929
10311,0.00019161960118952524
3111,0.00011545063757732545
9031,8.298369160862858e-06
10954,0.00021648497118678347
8268,3.5697953145135627e-06
3214,0.00022414854162255103
7646,1.3525520470648237e-05
3374,0.007626036233683306
7042,0.00013329628458385372
7151,0.00019338539875395866
7024,6.841381718670356e-05
7088,0.00043949124374018464
7121,0.0009969839084891128
7044,0.0006380785985029065
7050,6.744751323289536e-05
7120,6.744751323289536e-05
6997,0.005028663246353445
7083,3.3701908096160925e-05
7048,4.780424673292793e-05
7097,3.261778832552167e-05
6914,0.0003280711346998428
7213,0.0003280711346998428
7091,0.00032895000811510017
10626,0.0007961758929251213
10003,0.0004671462400189837
10388,0.00024721206566649987
12063,0.00023491050340549617
9123,0.014580416773727591
6580,0.0052081390911165185
9918,0.00268164650486099
10826,0.0006680933888898733
11612,0.0019150784825462048
4834,0.00035233444405941185
7910,0.0007604169379644987
10741,0.0036992654622577978
1150,0.0005702621363663607
10600,0.0017771859384234066
8237,0.00020195459048844513
9190,0.002249492137427175
169,0.011566594485537195
770,0.006142779856631106
10535,0.012210513334343292
2018,0.013156863718431644
11263,0.003933951991634251
9111,0.0013537095349846486
11634,0.000809771954087962
8759,0.005555826590002442
7369,0.018218433081634976
773,0.013378103483710501
8570,0.00416997731708667
8575,0.004692659342522597
8586,0.004634652819529584
12193,0.005934328131984618
7302,0.040666395988548966
7598,0.04786577325196889
5039,0.015064800678398785
11577,0.005907805630374371
8670,0.03897268008227743
9579,0.014219926192730482
2292,0.025785259968030903
9389,0.001567775537181756
12277,0.003139281659783759
10390,0.0015169726474858996
9113,0.0018015682233659572
3228,0.008083263273135296
2119,0.011611495922636052
2430,0.0027158086261144837
7478,0.006704061396295428
7500,0.004744649923173311
8915,0.0008983619181089143
359,5.3831311286405866e-05
9417,5.3831311286405866e-05
7475,0.001795174390558055
9525,5.383131128640586e-05
8476,5.383131128640586e-05
1302,0.0015117023858322559
6764,0.0019503015394195693
7282,0.0036118481732083465
7069,0.0027826008328076047
7071,0.002815122981191733
7149,0.004060890283057782
7167,0.0019914859035606736
7353,0.0018160472812702771
7253,0.0010741620251814052
777,0.023674153444664656
7442,0.008682378421998933
10522,0.034186938418869904
1062,0.01802906929410468
7725,0.034626104407246894
7874,0.04166825780255044
7242,0.01200892779783556
10700,0.03539023609385206
1650,0.04224438152762108
3190,0.03781377599995538
11265,0.03351686149826417
11269,0.025215008067528966
2226,0.02138504592317487
1220,0.028096569026150306
9931,0.04450810259862296
10457,0.036909429258046106
10459,0.03591453228573489
10472,0.05815253494085039
7410,0.04014180432517833
10493,0.04900797629765542
2305,0.037514041989081655
10497,0.04557705776288807
774,0.03556002828053794
10510,0.04034189765232114
10520,0.037877128570911474
8999,0.04253738851811738
10540,0.042733925536580376
818,0.034124237367265935
10552,0.041899138741739075
1364,0.04622968424970025
7511,0.035053694403971
11146,0.03920233933945872
932,0.04961651393158891
12222,0.04050983327186207
8145,0.038425763718424134
10733,0.03603656704171002
7561,0.05625313279486691
11812,0.023037586226229343
2473,0.033534158191007746
11183,0.027169451272767056
11469,0.037340676777378796
4713,0.019207446042839468
11643,0.018571120646429372
7175,0.004362873615972797
7181,0.0031956366233961055
7262,0.004970174272992225
2396,0.023943893568649906
8927,0.020607493425269283
11539,0.0021393026569643107
11215,0.0019228137361952723
7936,0.01166392891814792
7961,0.001223613347053922
8098,0.005122916916051276
7082,0.0008268981079900753
8159,0.0009778016898179126
8319,0.0004054405744603307
9416,0.00610567635047475
8595,0.00026040162632945965
8786,0.00351181334019236
88,0.005494011360516561
2155,0.005554013456295734
4740,0.00696962861937932
10984,0.006421287428577465
10985,0.005614574502034502
10092,0.02358400661522404
10200,0.007733987498275258
11736,0.006419010632773608
11562,0.006956756634738927
8308,0.0044499536720953555
7306,0.005689844914189643
10418,0.019223651482531915
7868,0.004653848463022472
7392,0.003904800510042978
8418,0.00964912038326217
762,0.027379113914363158
7430,0.004125413263009537
8983,0.004341327646833204
8583,0.004894144811594514
9635,0.004434020765341429
8684,0.004508100596680671
9715,0.008844598454332999
10325,0.00010765495670849133
1174,0.009151420645039437
7463,0.0044305552075275595
8696,0.015096369608927847
2057,0.0016342547722702654
11422,0.01309390308404956
11897,0.0016455808632520204
915,0.0013398307445507008
8457,0.0006179602202775474
10275,0.0013157442425539053
7758,0.00717016638786879
12115,0.0050996438750563035
9069,0.0008775316068808414
7956,0.006203120938219449
2242,0.012391504980576642
7714,0.010592249865919978
11869,0.0048677764798194575
7281,0.004565061337905781
8313,0.006725627081983877
8354,0.011934529793826802
7384,0.01745075819914318
9950,0.006783367340210818
7939,0.012031707753466408
8019,0.018695758953539084
7658,0.009637916779233447
10411,0.004662321475402831
8246,0.003751277392965468
8180,0.0016603191501336223
7579,0.0025521311600375162
7276,0.0014800322989711391
12138,0.0005438240493944571
8397,0.0029672437855211044
2143,0.026926848496601
2506,0.009739746029747766
7352,0.0008436140339364005
6655,0.025213347709628388
8635,0.002137808509269825
1703,0.0015528850231754864
165,0.002163551767949813
9793,0.0014297199036061442
8377,0.001481198264054631
10746,0.001195987526279352
643,0.00788883208411153
8454,0.005537585544280214
8364,0.0049974291161719725
1586,0.008739951222856944
10419,0.0056602254737378385
8507,0.0049974291161719725
8275,0.0076772693609765946
8404,0.005001620167084142
1118,0.004982061419679624
8182,0.004982061419679624
9729,0.00068538241035397
11148,0.035669998970692854
10863,0.003089260444985234
9529,0.000976004521360971
10758,0.0017178414880989088
10766,0.0017178414880989088
8129,0.004928949874856304
11799,0.003630404971784336
10017,0.004605343327145178
12133,0.002548924099030932
10693,0.00580440254937128
8328,0.002170594477199463
1333,0.006739399856667628
11901,0.006055357296160051
11545,0.008219207803758878
934,0.014479382960979743
8033,0.025228844427559797
7676,0.0063602065602383516
11445,0.024258377989020783
10808,0.04542480313598172
7634,0.03366050352721727
7950,0.01537347397103802
6586,0.021870805479343673
9097,0.022513932797965753
1000,0.02100050754681737
9381,0.02107778499468826
1975,0.021267475062600797
10789,0.0129125058715752
8577,0.0029569970301602027
8073,0.003130363475232653
8461,0.003066047674966233
7580,0.0018887847272937883
8749,0.0029721778024887897
10802,0.0029705555750738455
7607,0.0068036492415831104
10171,0.002966434164447293
8386,0.0025204075383157957
8260,0.0024890743818657833
8027,0.008736507672678098
8801,0.002966434164447293
8317,0.002961620242852276
8829,0.0029787893652961405
8139,0.005345803566743997
8849,0.00417280244652748
8403,0.000948010825007557
11992,0.0037464881932322506
2539,0.0013149915213086852
7683,0.019179975938635303
9846,0.008066365480594213
11990,0.00598897308230209
12086,0.006610628527550873
11072,0.007926835777823892
857,0.0076576922052025535
10738,0.009976729195760484
8239,0.0051872261687921535
9861,0.013463397796248229
7573,0.0027176443192411465
7367,0.0022402720016956234
7931,0.002496364235540706
10238,0.001749405097978755
8886,0.009690370206522242
8081,0.027588502522889354
10521,0.045537542161781186
10460,0.03421753124643299
10896,0.0037870384923179646
1171,0.016404125637329688
9454,0.009110359914728507
10385,0.0389848030751579
7720,0.027898529849367058
11048,0.022395245300897874
10807,0.024949214704029093
10703,0.039569767802563494
10463,0.04452294410541174
8807,0.017498727545146975
10471,0.04769104970021493
10484,0.04641945500306827
10170,0.0032882464555621703
11201,0.0029752608047640193
4570,0.0027692118697469344
1671,0.0010221416277538026
3096,0.0010221416277538026
11338,0.0009550602158206569
12288,4.1843542922980925e-05
9869,4.1843542922980925e-05
9760,0.00011119835783206921
9895,0.0001168777264177206
10452,4.1843542922980925e-05
12242,3.154848366222861e-05
10213,0.0002398565755686897
7684,0.010519347227737353
8220,0.012108987954512875
8363,0.00592637596954809
1197,0.006290380837941112
8374,0.014338980880821701
703,0.006529929960533149
8388,0.01263896236117425
10183,0.007642139125494359
8923,0.010926362487059856
9700,0.009426161536456763
9959,0.006133659607310511
9468,0.0064278633068850614
7487,0.00020165794163693837
8282,0.0023712231229549856
7656,0.00020288866742930608
7390,0.006050033342062965
1900,0.0032357368227041933
8671,0.007391579581287676
900,0.002387349897998933
904,0.003455375168001945
8458,0.002387349897998933
8850,0.0028436824112606576
8851,0.002575803192194766
9756,0.002811852792653699
11806,0.0019071398688444827
12067,0.0019071398688444827
8504,0.002387349897998933
10464,0.002575803192194766
8549,0.002387349897998933
7788,0.002387349897998933
6642,0.01595165367780514
2475,0.002096151944934491
11405,0.0038035975517499493
9535,0.008680890789449397
635,0.0026304735823645758
9939,0.010938954950319825
10433,0.0008751176506697814
5121,0.005064543245324389
11055,0.005247532769030755
9623,0.005346600765316579
1954,0.006087453582152992
11837,0.003786393561035102
3413,0.007313617406963133
10992,0.005019853054671219
11466,0.0032277648052678907
1935,0.006846997192169586
8996,0.006998411959339818
11570,0.006407209268044891
11588,0.006449795840314896
12237,0.012548681447616516
7184,0.001957286286926383
7280,0.001980631577954955
6970,0.002889262399934054
8082,0.0012526266426169537
8347,0.0019190980899720753
8355,0.0019190980899720753
7539,0.0012528445626520392
9005,0.0001548860513306119
11343,0.00022591149146440064
11188,0.0014013578357398452
1660,0.0019264521975406882
11178,0.0409398850864758
1108,0.00026098103243869786
10853,0.00026098103243869786
7819,0.0018529232264185883
11549,0.0009484491715300993
8114,0.0014947523509446338
10587,0.002060562778065555
9193,0.007996267405951298
8572,0.0021711760545238025
7331,0.0017643983307829452
7203,0.002678617115591108
8283,0.04301859122440203
9992,0.02004005288927853
7993,0.004780221259307321
8001,0.03146139079417742
9834,0.032432522442406686
7408,0.0434935253629764
10690,0.033659402215832426
12232,0.03155646893422364
11427,0.029561433192955566
10955,0.012904317450365996
1369,0.0063449056764237465
11847,0.0009025064004887354
8563,0.006454957640828062
11793,0.005426416966418475
2100,0.006045342291968673
1592,0.023865517228200676
866,0.01174491719629632
8349,0.0040257750345211755
12132,0.0024576132711799487
10859,0.003276821283734088
9462,0.005559042615833503
9094,0.0036077204028531233
8512,0.0009994716703611072
8367,0.0009146575384376505
57,0.003005149879158095
11069,0.02724883746376956
8000,0.035207441484526036
352,0.040403003455429215
11891,0.011462981126093069
772,0.001022426428175596
6545,0.000438686090682797
8293,0.001028436787772326
893,0.0017600947523983715
12223,0.0010397113136077986
903,0.0022375044432279205
9996,0.00466091425856947
6832,0.0013638682006122857
8609,0.0005782100214120029
10173,0.0003721682533532881
10181,0.0004405824725807964
10722,0.0004405824725807964
9071,0.0017507174626974404
11641,0.00702643715511737
10828,0.0008752317671132507
9856,0.0015757608224568995
8587,0.002158837283446688
9634,0.0021875275390900255
10556,0.0026187657874858104
9688,0.0028833131458814664
2908,0.0021875275390900255
1888,0.0021876372972878424
2158,0.0021875275390900255
10119,0.0017096693628047075
8368,0.000631377364407354
8262,0.000631377364407354
8184,0.03180708031979614
1987,0.0062173803701133816
9604,0.0023834767908259545
7179,0.0012689286633269768
9573,0.0005934834568401792
12148,0.002744869865056149
1308,0.00022186047008581218
8988,0.00022362899355832697
713,0.0008623780959039309
8189,0.00022186047008581218
8326,0.010837901718458953
8137,0.0018017727455558073
8708,0.0056258976488172616
8709,0.00571223938916457
8710,0.005632216648323857
8716,0.0056262574967168265
9228,0.005692254891192339
7710,0.004972331328291056
9246,0.005625756375452602
7724,0.005896434739465879
9261,0.005625756375452602
8251,0.005908672147577247
9284,0.005625756375452602
8780,0.005797832321802223
7757,0.004935800841971033
8784,0.007876064368252538
10320,0.005552766341739635
8276,0.005568745478196173
9816,0.005625756375452602
7777,0.006044255857742724
8323,0.005579858824106092
11419,0.0068958643931514105
8356,0.00596164552644688
8358,0.005692877751775529
8370,0.005566065723992208
7859,0.005566065723992208
9907,0.005864493528361061
8379,0.005823269289453532
9915,0.007130310357240631
1214,0.005625756375452602
9408,0.005552766341739635
7877,0.008128619475400316
7881,0.005797832321802223
8407,0.005575106208866541
8462,0.005572650308826365
8986,0.005625756375452602
8993,0.005552766341739635
7971,0.004936433933761044
8998,0.0056258976488172616
8487,0.005628244965185635
12082,0.0038508417877833804
9015,0.006850434180240025
8506,0.006882899713329623
7995,0.004935800841971033
11582,0.0055684676894022355
8005,0.005566065723992208
9035,0.008423122738187305
7501,0.0066444030837691835
10072,0.005552766341739635
8537,0.005883992184038448
8539,0.005566065723992208
9567,0.005797832321802222
8547,0.005552766341739635
8550,0.005575298006709657
8569,0.006002669741010401
12177,0.0038508417877833804
8097,0.004935800841971033
8106,0.004935800841971033
8113,0.0059371517670942925
8115,0.004951660313041267
8116,0.007749065704902924
10685,0.004241761992765705
9668,0.005625756375452602
9672,0.005638349350756193
9675,0.005625756375452602
11220,0.0046550299371991245
490,0.006177678623497958
8685,0.005948354714827596
9203,0.005552766341739635
2039,0.0046550299371991245
9725,0.005625756375452602
12266,0.0008828543633479976
8909,0.007628810183764077
9619,0.0005412204450673369
9373,0.0006555936924446966
9470,0.0002507770655625453
11375,0.0014056135263148983
9088,0.009654721990106294
10916,0.00337394470522257
10413,0.0037839049661263016
7224,0.0014962802097565294
7969,0.001842207668610018
7473,0.0028202890928793714
10624,0.001708435692177408
8681,0.0016443470028191774
47,0.0027334337490143292
11478,0.002255442540969977
8823,0.0027334337490143292
597,0.0007302202450328842
8044,0.0007657739873690742
2680,0.003499571302891414
10426,0.0040662965432388485
10130,4.75451523291836e-05
11209,0.0011037633406271214
12088,0.000235213329850419
7883,0.0006965252917702351
7940,0.0007265564284299283
9221,0.0010592558616027794
8072,0.00039440622948626623
1930,0.0015367412813091623
8590,0.0004257047962577374
8474,0.0004231184747448105
8100,0.0009414931830409081
11054,0.0004997701481375136
8623,0.0005515005339925588
7985,0.0008177710223491599
8267,0.0004237346671760403
8653,0.0003838059608409664
9428,0.0003875931114035882
7775,0.00038993668135382055
8674,0.0004969558462110449
9061,0.0007994056465807242
9213,0.0005009663754584187
8318,0.0003874722070260795
8913,0.033046169842926146
12083,0.03483769839933759
11150,0.03087996430900144
10743,0.032965700827167536
8066,0.028930575831203474
12167,0.010070189803240929
12312,0.031787100197941405
11803,0.013025297223830985
11844,0.02653548358279508
11854,0.009793727653299071
10709,0.034975729697933416
7383,0.01801446133811919
11268,0.002866886877767868
32,0.0044158552315837025
9132,0.005405439073557169
11580,0.00325081030635691
11884,0.004191153287598978
9053,0.002388717339030123
8195,0.0016577961678845411
6674,0.0015378309664505567
11885,0.0015378309664505567
12304,0.0004619199844667473
9102,0.0007477763896292911
7627,0.001774951593451021
7566,0.0006530700016897158
10901,0.0005383339316089013
11536,0.0022752957007316317
10905,0.0024621312749651104
8351,0.0030415813358210635
11053,0.0024608961060038318
10293,0.0024608961060038318
10296,0.004054513702307814
11573,0.0022752957007316317
11716,0.002018728251222024
7495,0.0013423507937158352
2391,0.00201877890119905
7516,0.004304867788214139
3167,0.0032494123463091646
12286,0.002018728251222024
10135,0.0027309390294039523
9884,0.002169056408866547
10144,0.00265794903634221
10158,0.0027309390294039523
7857,0.002332758424949249
11829,0.00257744251821016
1742,0.002169056408866547
9962,0.00265794903634221
7707,0.004092437178982207
7768,0.004092334399982737
7806,0.004092334399982737
7814,0.0042314647978382676
7825,0.006234369003864119
4906,0.0009702787898767223
7285,0.00043963789203245413
11160,0.0013190512222334546
10485,0.004844968715105197
9521,0.0006334300821319799
7662,0.001363738843081652
8134,0.0006180389612541075
9911,0.0009557000887138863
9866,0.0008874341185084075
11152,0.0006206551032218497
11153,0.0005531230657406333
10644,0.0005236022179025446
10579,0.03264427117726715
11905,0.029626580476854993
7826,0.03190152357176715
11516,0.030438371421156303
9545,0.03208328760042462
12162,0.032006482440555685
11211,0.02466454406390532
9753,0.00036422619823775953
3203,0.0002974479072962255
9353,0.0002974479072962255
8350,0.0003901803133328323
10504,0.0025944797027799395
12092,0.0002968874795887913
10582,0.0002974479072962255
12230,0.0002954983318106579
8210,0.00028010216614916724
1176,0.0003605686556797701
10557,0.00032365585305169445
10640,0.00031934711386865224
10166,0.0007978930634498938
12215,0.00034876162162444664
2055,0.0003286152017278997
10274,0.00024090553887130223
9280,0.00026938052069185416
9354,0.0003031380815080316
4782,0.00023432404932918028
7902,0.00022743120213347833
10091,0.00024090553887130223
10636,0.00023659679968826002
2505,0.00022743690900101904
986,0.00024090553887130223
10664,0.0005238573796200556
11311,0.00046345315512363855
8325,0.007408263662111659
8172,0.005853089438205945
9086,0.005804041810741417
8555,0.00037532361731851575
8378,0.0020523037594416694
6574,0.0038631742316183027
1866,0.007197958158270463
11264,0.021631586199419794
6675,0.024398013122179027
8744,0.024497679926242372
10862,0.021631586199419794
11908,0.0212228223121027
7867,0.02544209955145555
10939,0.021631586199419794
11452,0.021631586199419794
11571,0.025548354417927042
898,0.0212228223121027
11196,0.021631586199419794
11204,0.021631586199419794
11721,0.016424289335540385
10514,0.025116993924931122
11134,0.02235928814380526
10523,0.000414668742536448
8989,0.0004370990468965888
10038,0.0008533995127150896
10742,0.00041637120928901685
8900,0.00535960905389088
10554,0.0010786264531158732
9046,0.0003386547413355484
5405,0.0003407348263202879
8469,0.0008230655008839504
8455,0.0005996528333393963
1673,0.0018011817555486117
7307,0.000949313763841325
9999,0.00127894549951174
9302,0.001262659571624886
10783,0.007356723688816318
7469,0.005507483008777078
11200,0.0015933128899481208
1758,0.002014759519703756
11259,0.0013522355752023693
12109,0.0006891462535207085
7193,0.000852496159309457
10571,0.0013991575424503382
2413,0.0018608253674816998
7861,0.00042042823811964714
8810,0.005966223184073855
8456,0.0053527313466364135
8023,0.004667771266681783
8105,0.004667771266681783
8165,0.004667771266681783
7212,0.002100714159275316
6983,0.00021007370118042594
7631,0.002498440973259352
7011,0.0002307755581328376
7152,0.00023062563484581118
7270,0.0009534751649951285
7648,0.00027640264976308706
7623,0.00020302025199355094
8484,0.0020697589647321536
11591,0.00258809602870488
10568,0.0012298795912917535
12119,0.0008859171519224394
11199,0.0013558895026635983
8641,0.0012400170690524035
9187,0.0009834464931308658
7798,0.0005097959965927213
6959,0.0003253730330320309
6988,0.00017827890777072228
7135,0.0007004026500950214
7063,0.00012890639618970252
7075,0.00013638221862876545
6819,0.00012890639618970252
7249,0.00057618720385029
6999,0.00012890639618970252
7001,0.00012890639618970252
7015,0.00012890639618970252
7274,0.0003072379083706653
7283,0.0024346735741829326
1323,0.0006282232680395916
11843,0.002147239033803246
9837,0.0023099954609072243
7872,0.003997125614868423
10973,0.0023116280176697164
9971,0.0023734326541935934
10034,0.0023117461770122026
11590,0.0023099954609072243
10068,0.0034757223230647157
8538,0.0023099954609072243
10075,0.002312658780706097
10077,0.002310130537596172
8669,0.0023101711412121676
11231,0.0023099954609072243
9702,0.0023099954609072243
9712,0.0023099954609072243
7116,0.0004467185346295051
7268,0.00034848217122147385
7177,0.00034848217122147385
5359,0.004536055293788372
10565,0.01474040006790057
8442,0.0013178148063350318
965,0.0016576155577216012
617,0.002194841285561209
724,0.0004436929962378452
7288,0.0013796469493354093
4784,0.003416720295820695
5188,0.004164922029635716
10790,0.006637425175228408
8336,0.006857483541316453
10963,0.005766814495343685
814,0.005790518261020357
7264,0.0004315893641841304
7277,0.00041389945231643633
6929,0.0004213775100920124
2231,0.0007708322151843858
5090,0.0007502497537029871
12172,0.0011854203428892682
7830,0.002478695913162423
11647,0.0003124513272907393
8416,0.0006214586693666885
7783,0.0006478896704268432
7507,0.0006214586693666885
10831,0.002728162212737031
2201,0.00181192783573053
9395,0.0002701977120256791
8848,0.00347163971767781
8473,0.0026517850937790933
9806,0.0028706103084695134
9682,0.0026517850937790933
1203,0.0010776252736270976
660,0.0020772533977450798
8095,0.001544904290109821
8405,0.0009299184763906362
12280,0.001033883324518756
9085,0.00718665076168551
11579,0.014152474875623896
9799,0.00757056449580744
10924,0.0013146702504452127
11538,0.001146414088833378
11446,0.0007405347598194777
12278,0.0012657262331994305
11246,0.002152290441381205
10343,0.0019024900193523818
10958,0.006612940410428508
9042,0.001972978342932316
11741,0.0003467085235863094
8018,0.0011665622065041132
7794,0.0012543500729256315
11207,0.002322119849707585
8419,0.0027553656487813746
9466,0.003449039590165219
10918,0.0011261570783245407
6542,0.0011238716487641078
8406,0.0009157198963581695
10094,0.0007211837745829831
7301,0.00029371089071033934
9415,0.0012159272539899772
7292,0.0009262770943077234
8714,0.0016634081892404943
10129,0.0014961744079697162
9040,0.001709123309417009
9425,0.0014962119517932563
9810,0.0014961744079697162
9298,0.0017387695731949102
7265,0.0014961744079697162
9186,0.0018701633624673836
8701,0.0014961744079697162
11435,0.0010945756665698967
11896,0.0010933694500539304
1816,0.0017098822103440087
10914,0.0029102810552076447
10494,0.005455974794595091
11462,0.0019177150946930726
8244,0.0007095837183678477
996,0.0010038050528002138
8835,0.0012156822457801513
1316,0.00121850518393296
6947,0.0006964822129372845
7052,0.0008990800918949309
7102,0.00024446127245117107
7454,0.000133645086901342
7970,0.00011156887612872872
7118,0.0010498089597978254
7098,0.00020354742686108938
7101,0.0002738000280444358
7418,2.7619600654820354e-05
7386,0.0013606555285477018
10604,0.0018445662179909503
2889,0.0014479648526435213
8048,0.00018943139219233018
11592,0.002104929058681629
7957,0.0008286885330995685
7051,0.00010224018455654124
7062,8.29494087273995e-05
7191,8.29494087273995e-05
6991,3.5415039301268205e-05
7104,4.361355693390288e-05
7092,3.7353688826647475e-05
6972,0.0003092702181413524
7006,0.0002509777581747795
7028,0.00024983996251752403
7162,0.00025391081974638735
7194,0.0002718275313302634
6960,0.00041347686899222504
6981,1.0063484041034024e-05
7156,0.0003051774921692758
7124,0.00010263522335106954
6816,1.1398564235381101e-05
7208,0.000273931981212522
9045,0.0020066997483281644
11546,2.1746765170017287e-05
10157,0.000246001340089433
12125,1.6760917234517657e-05
2090,0.0005276768106455235
813,0.0003039377532738793
10416,0.0016002087520932745
9930,0.000303930126766805
7821,8.267629437598368e-05
10143,0.00011055060231720856
10827,0.0003170077255154422
10138,0.0006262288687340225
12156,0.00041956448693339355
10670,1.2448730335530273e-05
12171,0.004321356338470956
8049,7.063199521220855e-05
7397,0.00038110207424002626
11213,0.0002625959950807104
7169,0.00014484924914602492
8385,0.0009706902069716414
12020,0.0008793906498659221
9361,0.0007655324539817815
350,0.000764796266198222
10491,0.0013482787667929948
5401,0.00047076082070185925
10391,0.000996016419726607
8908,0.0010315703739694102
10340,0.00014994081984797414
10415,8.053737205204966e-05
10617,8.053535163470413e-05
431,0.0005957872391869342
8169,0.00017090296592585784
8812,0.00017468863561341988
9014,0.00017090296592585784
10816,8.345342878893137e-05
11082,8.345342878893137e-05
10110,0.00011903849061678004
9283,8.853213496281784e-05
8298,8.853213496281784e-05
390,0.0006953364955817927
11912,0.00020285167364665762
7377,0.00024045820451014456
8021,0.0002392290956282561
7773,0.00021246351771642773
7890,0.0002820974039054104
8726,0.0019475797686961157
7000,0.000662705190875095
12220,0.00026931885365130806
6679,0.00026931885365130806
7462,0.00016118334808860378
7636,0.00027292269944819515
7067,0.0004817327420188331
9397,0.00019622001948075074
9319,0.00011764897207767046
9013,0.00011764897207767046
8791,0.00011764897207767046
9286,0.00022179284258170073
7827,0.00035162459785131867
3217,0.0007004449055860352
11609,0.001297602889771812
10383,0.0013237483446327087
8760,0.0010823774701497132
10470,0.0008006870870278974
1719,0.00010863625866341596
11482,0.00010863625866341596
3037,0.00010863625866341596
12290,0.00023878498790845992
7234,0.00031133984749361223
7240,0.00034585952162122387
8007,1.67941158907848e-05
7695,1.67941158907848e-05
7452,3.0497900239589152e-05
11883,0.0006546849917499157
9998,0.0017641149538036042
9746,0.0017494652970127679
10046,0.002228838677035624
8401,0.002190168751435332
9608,0.0002403285932863249
10362,0.0006165827753190635
10347,0.0004601845063350189
9251,0.00012097595954232003
8170,7.83244932145481e-05
9431,7.83244932145481e-05
9181,0.00016532316291682035
61,0.0007339351721154972
9755,0.0009447257930316194
7235,0.0009111095058789027
7296,3.604297924481482e-05
2102,0.00015335100169076282
10410,0.0001230263672141612
8770,4.112346761179188e-05
10765,3.3644410602444845e-05
10515,0.00014615801546094567
10195,0.0002849183074286901
1725,0.0016057514727382696
2472,4.8462989324108216e-05
11607,0.0001160227365842152
9536,6.867218769752881e-05
12311,0.0002861212625256478
11995,0.0002861212625256478
10248,0.00013602830559941066
10893,0.0008349031163855372
9407,8.645560065430343e-05
10451,8.962530534158288e-05
7882,0.0009585281235159616
11238,0.00038892122230735235
9575,0.0011926147456477391
8783,0.0009524184497200741
11528,0.0010405005163344016
9009,4.6691631759898095e-05
11089,4.6691631759898095e-05
9398,4.6691631759898095e-05
7094,0.0003218774914276505
7089,0.00019493852476763093
7035,0.00017201699855146996
7755,0.0005234661182727047
10553,2.5352302207181684e-05
11135,2.5352302207181684e-05
7534,0.00047571853902963373
1450,4.129504504895961e-05
7611,5.680241704709557e-05
7321,9.500378744810307e-05
9955,1.5332957094587088e-05
11080,0.0003377242032785613
7659,0.0010736269080342668
10667,0.0017259207949626321
2371,0.00040580194107538034
9440,0.0004266076279405456
1006,0.000426330863718785
1657,0.00042632016489068834
10996,0.0002983906096295456
12183,0.0004194395077047605
8584,4.9262561799822934e-05
8617,4.9262561799822934e-05
9742,0.0002586009100814061
7460,7.353108417385111e-05
9630,0.0002463320921979575
7347,0.00029884582893148406
11261,9.835943422412153e-05
10346,0.00041295966227837625
18,9.037825307777036e-05
7832,9.037825307777036e-05
9210,9.384083265485994e-08
10795,4.6713704855479865e-06
6318,4.6713704855479865e-06
1336,4.6713704855479865e-06
4835,4.6713704855479865e-06
12168,4.670901502203046e-06
1548,4.670901502203046e-06
12307,4.670901502203046e-06
158,4.670901502203046e-06
4523,4.670901502203046e-06
45,4.670901502203046e-06
10928,4.670901502203046e-06
8754,3.734411602916014e-05
1715,4.670901502203046e-06
1467,4.670901502203046e-06
2122,4.670901502203046e-06
2125,4.670901502203046e-06
5326,4.670901502203046e-06
10962,4.670901502203046e-06
10707,4.670901502203046e-06
11733,4.670901502203046e-06
3158,4.670901502203046e-06
1146,4.670901502203046e-06
12122,0.0001797881360552524
8471,0.0001651092322914922
8836,0.000502620246168676
11305,0.0002103700683030457
11084,0.0002103700683030457
6372,0.000354996944962008
11169,0.0010720453267941445
8080,0.0014811253163345616
10969,0.0013341042849382458
10239,0.0004007424935553534
9185,0.00012607898604181648
7434,0.0001767074804597732
7494,0.00018787342445810863
1804,0.00022130641690017546
9618,0.0005282730097116806
7989,0.00021819161540889782
9078,0.00020907250564858792
10217,0.0006239269711663024
1154,0.00011918432813373885
7385,0.00036503986563624725
10242,0.00023735811625027185
8307,0.00033390624137875485
1716,7.262439690181128e-05
8060,0.0004139210953921266
11432,0.00026850899001128886
9601,0.0005129288824585048
8739,0.0005121784737496857
8040,0.0015032006937257662
10156,0.0009452958431517835
7569,0.001241194829011961
7871,0.0007975263019594233
8035,0.00041742849116847467
7845,0.00015533802152454935
10768,0.00137581372683462
7349,0.00012413838444327185
6621,0.00028791051209289825
9532,0.00028805264485777917
8463,0.0007121878544473081
10260,0.0005494864560759371
9243,0.0004996730521074681
9029,0.0005881243365209396
10694,0.0005030633023823765
11164,0.00029681079299812463
7008,3.870048744062314e-05
7064,0.0002987216446635836
7086,0.0001350099009367496
7122,0.00047753906352663076
11260,0.0001244828112929576
3211,0.0003099769974560934
11181,0.00027249794875579654
8119,0.00017443293906354093
11720,0.00016311659897143575
8552,0.000173604190255033
8822,0.00017441939322737453
11595,0.00021231115362598758
11492,0.0004468865108166188
10889,0.0009457530777770934
8135,0.0005307941951993045
11744,1.1718888992131583e-05
11339,1.1718888992131583e-05
6516,3.655629368516522e-05
8581,0.0005610330848005136
696,0.0005661415577617603
8604,0.0005610330848005136
11074,3.08528116827478e-05
10021,3.08528116827478e-05
8775,3.08528116827478e-05
8118,0.0002639058319341116
7457,3.5729801401902104e-05
7407,0.0005993018178855038
8994,0.00047071946078937815
8197,0.0002299264728496337
400,0.0014573686668152357
1085,1.013705939056074e-05
10142,0.00013960100855110044
8806,1.631671099098886e-05
2088,0.0001274644156126914
8632,9.087862362708329e-05
11575,0.0003745502581903747
7243,0.0001758909965800428
7085,4.759085149407324e-05
6992,0.00019954022548044934
11618,0.00012856166792652628
1899,4.090586015845716e-06
886,3.2887849996965813e-06
12064,0.0003263098479583997
12129,0.00027173633881002367
11696,0.00022727815924226277
11898,6.644240433074266e-05
8902,0.00016419897566917168
7429,0.0032455069189132844
12209,8.238019349206092e-05
10618,0.0001325557178686475
666,0.00040892344018575146
12260,0.001009395217809493
7189,0.0009761688806341233
8608,3.6265571492054823e-05
8514,7.878391188813195e-05
8422,3.6265571492054823e-05
9670,3.6265571492054823e-05
8881,3.6265571492054823e-05
9204,3.6265571492054823e-05
9260,0.00011382828572303929
11145,7.481120395370606e-05
8200,0.0009568198012601689
8450,0.000167105468766574
7133,0.00011382104109883791
7572,0.0001761107246023296
7081,0.00016323422788602898
7146,1.985647916734107e-05
7055,0.00010156557607869165
7186,6.2269355139307e-06
7134,6.967443768013877e-05
7127,3.324148997961255e-05
7047,0.00011492899062108566
8203,4.7714753498921526e-05
7907,0.0006164337856731438
7013,0.00011274300237702192
7017,6.35832709344446e-05
7074,6.357351060394854e-05
7279,1.782074534624241e-05
7258,1.782074534624241e-05
9568,0.00015956919537202704
2098,8.965590579260037e-05
124,6.206253017825101e-05
12127,0.0003923804697328116
9827,0.00014998118542853715
10230,0.00014998118542853715
9219,0.00023232380474731668
10011,0.00023232380474731668
10024,0.0002468792731095015
10549,0.0002889923778053971
8258,0.00028755737662237
9410,0.00023232380474731668
7767,0.00029735626513574894
9820,0.00023232380474731668
10716,0.00016209977712648192
9200,0.00023232380474731668
10128,0.0005951071684186368
11008,0.000816697368174603
8270,4.5955024690517856e-05
7927,0.0002884507457112466
8156,0.00030865336408899223
8359,0.0005939196560024289
9703,9.837254897785037e-05
11525,6.486163555980464e-05
9892,5.455781755472831e-05
9853,4.591397629477671e-05
9824,0.00015897970560757542
7261,5.4031150096587535e-05
10255,3.458269276174244e-05
8256,0.0002716000136978077
7520,0.0002604960526355848
9062,0.0002702767587972998
7911,0.00032773335056229493
10633,0.0002845195715342546
12208,0.00024847784713759004
9237,0.00029404213093442357
10198,0.0002847346066728297
9274,0.0002847346066728297
9314,0.00037058764341922065
9767,0.00037058764341922065
1906,0.00037058764341922065
1881,0.00037058764341922065
8827,0.0002071581020862886
11802,7.595794915167294e-05
11809,7.595794915167294e-05
10276,7.595794915167294e-05
11300,7.595794915167294e-05
11308,7.595794915167294e-05
10894,7.595794915167294e-05
10895,7.595794915167294e-05
11407,7.595794915167294e-05
11443,7.595794915167294e-05
10957,7.595794915167294e-05
10964,7.595794915167294e-05
11991,7.595794915167294e-05
11480,7.595794915167294e-05
11996,7.595794915167294e-05
12000,7.595794915167294e-05
12001,7.595794915167294e-05
12002,7.595794915167294e-05
12004,7.595794915167294e-05
12005,7.595794915167294e-05
12006,7.595794915167294e-05
12007,7.595794915167294e-05
12008,7.595794915167294e-05
12009,7.595794915167294e-05
12010,7.595794915167294e-05
12013,7.595794915167294e-05
12017,7.595794915167294e-05
12018,7.595794915167294e-05
12024,7.595794915167294e-05
12025,7.595794915167294e-05
12029,7.595794915167294e-05
12030,7.595794915167294e-05
12031,7.595794915167294e-05
11520,7.595794915167294e-05
11010,7.595794915167294e-05
12035,7.595794915167294e-05
12036,7.595794915167294e-05
12038,7.595794915167294e-05
12041,7.595794915167294e-05
12044,7.595794915167294e-05
12045,7.595794915167294e-05
12046,7.595794915167294e-05
11027,7.595794915167294e-05
12060,7.595794915167294e-05
11047,7.595794915167294e-05
12116,7.595794915167294e-05
11133,7.595794915167294e-05
11154,7.595794915167294e-05
11174,7.595794915167294e-05
11187,7.595794915167294e-05
11703,7.595794915167294e-05
12234,7.595794915167294e-05
11735,7.595794915167294e-05
11243,7.595794915167294e-05
12279,7.595794915167294e-05
8372,0.0002954995556251132
8297,0.0002505992106888646
8274,0.0004519606433945254
11140,0.00019883832834147563
10585,0.00014583105550077067
875,0.00011427515995375806
11568,0.00010951487793186137
2063,7.515397527226756e-05
1972,7.515397527226756e-05
12241,0.000987736668653931
11406,6.031257790856071e-06
9679,0.000242286685643356
11542,0.0004046558149773543
11691,3.712406430450115e-05
10126,0.0002181099580294792
7855,5.2043695930119043e-05
9002,5.305079946942065e-05
3169,1.3793368206778433e-05
3166,1.3793368206778433e-05
8236,0.00022804644102860543
1098,0.0005802720473432698
7577,0.0001050073761724577
10616,0.00047816384262540574
8596,0.00047396129747039864
11333,5.596691250805781e-05
7621,0.0001968173397819424
11059,0.00019539537461935616
7953,0.00013854075246768857
7839,0.0001676720419634178
384,0.00015416258112308933
11879,0.00015416258112308933
8436,3.870657393049816e-06
8892,3.088310784679322e-05
9814,0.0002716717883545611
10141,0.00027166497244255353
11639,2.8039128179728808e-05
12170,4.502642407685683e-07
7489,0.00012099173635151299
7079,7.669535088343629e-05
7100,1.4433665667648286e-05
10440,3.7986098408020893e-05
8982,3.7986098408020893e-05
8390,0.0001010151702555953
328,7.439394224859918e-05
10001,0.00024112884489016582
7578,0.00033582094838702665
8540,0.00021217068204018466
12161,1.8072337994991352e-05
6658,1.8072791462304985e-05
11147,2.0048213771741664e-05
8211,1.997939040382612e-05
8213,1.997939040382612e-05
8601,2.017587822720933e-05
10297,2.0247862896271314e-05
11448,2.0048213771741664e-05
9538,2.0247862896271314e-05
10728,2.0247862896271314e-05
9614,0.0004981117583271273
9549,0.0004981117583271273
10328,0.0004981117583271273
8026,0.0005079704002746521
9448,0.0006321560867968177
9077,0.00029843598022500923
8215,0.0004185884831564205
10086,6.83004730258774e-05
8491,9.69529362090784e-05
7567,0.0001352668339023259
8542,0.0001910101660737669
9288,8.198249009524172e-05
10256,8.198249009524172e-05
10454,8.198249009524172e-05
7238,7.166764478269163e-05
7030,0.00011134168628353246
6961,2.263894915599748e-05
7041,5.468213787212945e-05
7147,0.0001970054602093904
7218,0.00010484944093289316
7103,9.075816466123074e-05
9745,3.8055455272853416e-06
1803,2.3310586070889663e-05
8402,9.880995361499344e-05
10081,9.60575977100701e-06
10932,5.768449974287769e-06
11605,5.768449974287769e-06
10359,5.768449974287769e-06
10206,5.768594815977045e-06
10210,5.633283225557718e-06
1825,8.904832154799087e-06
10512,0.00025511006802789144
10967,0.0001548301777551664
1750,0.0001511847247911005
10140,0.00032190147177835405
9708,0.00020942703099943865
7666,0.0002688140363784622
9750,6.520047671399678e-05
10277,9.857636752853571e-05
9383,0.00010607386672652857
9011,6.503474810564716e-05
9424,6.571429190247723e-05
10082,6.520376822185738e-05
9723,6.520047671399678e-05
8834,7.324728891578661e-05
9671,7.561820025514858e-05
9553,7.619551883690632e-05
11603,7.43450592798874e-05
11624,0.00010339850136998642
7256,4.30753403184855e-06
7009,4.30753403184855e-06
11401,0.0003876937140752202
9244,0.00040126255325976964
6559,0.00043672960873173045
10596,0.00046699737874175554
10610,0.00040126255325976964
1201,3.169898413271428e-05
7215,1.6339426769474654e-06
7117,1.95322851965922e-06
9954,0.00017155307901034285
11389,1.181552621083493e-05
8130,0.00011441662194129318
11458,0.00012671924015075336
4846,0.00012671924015075336
92,4.769259897147378e-05
7778,5.5904291716314305e-05
1729,0.0008066755079518147
11683,0.00015953242761472118
9217,0.00034360526789533143
9990,0.00034360526789533143
8075,0.00034360526789533143
8589,0.00034360526789533143
9751,0.00034360526789533143
9239,0.00034360526789533143
8610,0.00035272622650333994
8495,0.00034360526789533143
8888,0.00034360526789533143
9673,0.00034360526789533143
9036,0.0003572097102459125
9432,0.00034360526789533143
8420,0.0003455592741717721
10373,0.0002860568158385333
11815,0.00022861091004063684
2092,0.00022861091004063684
11540,0.00022861664659802142
11659,0.00010917913162833295
8731,0.00010917913162833295
10341,2.308046732771885e-05
7018,7.513362822618268e-06
7221,7.551282157597212e-06
6748,7.551282157597212e-06
2701,8.868505330102448e-05
9371,9.086672680428561e-05
1858,0.00040879082646887047
1128,3.28598041747101e-05
8597,3.28598041747101e-05
892,2.862669959719162e-05
863,0.00012944485251539879
8769,0.0007952932671240886
8799,0.0007952932671240886
10193,1.3962011150246331e-05
1102,0.0001899196292491425
1319,0.00011828033697850131
10220,0.00018257856222670744
6355,0.00018257856222670744
9698,1.1480443359539707e-06
9519,6.237712271093949e-05
10804,0.00015001429083209142
11561,0.00017572632746550658
10056,0.00010601668033536737
9906,6.876571610975665e-05
10805,6.876571610975665e-05
10424,6.876744189853328e-05
10527,6.876571610975665e-05
9797,0.0001441052106426671
10315,0.00015143403778999074
9613,0.0005864310637459847
10237,2.1303639233125626e-05
7337,1.9569217181798734e-05
9020,3.953332456693147e-05
7245,1.9371683530796957e-05
10191,2.001253477533652e-05
11563,3.87976513170457e-05
11947,2.3400314557700372e-05
12236,2.3399727687175956e-05
1874,2.3399727687175956e-05
10201,3.07734602814203e-05
9375,1.3372443848997478e-05
10820,0.00013935512325427237
7934,0.00013159637944974533
9107,0.00010431966098818742
12043,0.00012375569435676474
10154,0.00012760898712192335
9516,0.00021916484728745227
8819,0.00021916484728745227
11770,0.0001363402968065108
11296,1.9611076138410686e-05
10614,0.00013259249649929768
11853,5.09219861275395e-05
11206,5.620347239230501e-05
12019,5.620347239230501e-05
7981,3.131039968071045e-05
9969,1.9555207816139966e-05
11079,5.084330542941775e-05
10994,5.084330542941775e-05
11378,5.084330542941775e-05
9591,5.8221359798693576e-05
11604,0.0001382546387621467
11222,4.5610009823205575e-06
10588,4.5610009823205575e-06
112,0.00016248037315921216
12027,6.005310066873361e-06
1033,1.5262808590101142e-06
634,5.830570420526353e-05
10545,2.3949517151948367e-07
7396,5.1810725032487946e-05
7176,2.2460768844940098e-05
12105,3.163237630769729e-36
12151,3.163237630769729e-36
8664,0.00020955420019481389
10048,4.929071657929169e-06
11240,4.929071657929169e-06
10224,4.929071657929169e-06
10226,4.929071657929169e-06
11097,4.929071657929169e-06
9979,4.929071657929169e-06
9188,7.471298543771492e-05
9919,3.830415651563438e-05
8531,3.858275813491925e-05
10221,4.1327169624455316e-05
10586,4.423596186317448e-05
3118,4.7265888797666225e-05
11734,7.66748212902169e-06
11363,1.635465375356465e-05
10611,1.4151618635034527e-05
10503,1.0200268676663888e-05
9678,4.5182660521545184e-07
11095,4.5182660521545184e-07
11697,4.5182660521545184e-07
9527,4.5182660521545184e-07
9891,4.104395391551228e-07
9736,4.104395391551228e-07
9584,4.104395391551228e-07
9594,4.104395391551228e-07
10353,8.362119942646669e-05
7524,6.033211793379754e-05
7185,5.339478612061897e-06
7343,1.937725949442943e-05
7278,2.3610357067999376e-06
7029,3.907664148525238e-06
7663,9.893310499660373e-07
8832,2.4361552002402964e-05
9762,1.231355320917609e-05
11827,1.210454395417652e-05
10910,1.210454395417652e-05
8651,1.2378730030789134e-05
11179,1.25763353257806e-05
9399,1.9497791278606697e-05
8250,1.2378730030789134e-05
10715,2.705385816708254e-07
11326,2.705385816708254e-07
10762,2.6043784317324056e-07
12189,2.6043784317324056e-07
8109,2.041904989904039e-06
12212,8.901995527247554e-06
8264,2.1559480255686607e-06
11723,2.604576534809095e-07
10196,3.309591773640749e-07
12145,2.6043784317324056e-07
7923,1.2073268513214551e-05
10188,2.1572201430447862e-05
10384,2.1948097084567342e-05
11387,2.3058149657908214e-07
11393,3.163237630769729e-36
11807,3.163237630769729e-36
2253,2.0481281547548645e-06
1086,2.0481281547548645e-06
3233,1.0722987245607926e-05
896,1.1911626731548456e-05
9259,1.4307124303842985e-05
9025,2.140962874382435e-06
7828,7.237116888645601e-05
9220,7.237116888645601e-05
9226,0.00010026869102776068
8612,1.2033186070799685e-05
739,3.095399804945126e-05
9093,4.370584025401338e-05
8588,4.419928300885055e-05
10007,4.370584025401338e-05
10177,9.448956309118042e-06
9304,4.370584025401338e-05
8166,7.491478665398828e-05
11244,9.448718969524946e-06
7705,3.315185275909658e-05
10018,3.036540431833807e-06
10064,3.387939654958691e-05
11253,3.036540431833807e-06
9296,3.520943916881435e-05
8717,3.090434500749968e-05
9290,3.386859980704845e-05
8303,1.6371886473260655e-05
8395,3.292033177692848e-07
9914,3.291950450770486e-07
7726,5.599841576859099e-07
9199,6.943182868798574e-06
10516,1.0888662075757609e-06
11708,1.0888662075757609e-06
12051,3.8039448938641746e-06
7328,0.00016901065445924045
7325,1.724757268043607e-05
7005,4.062785292545315e-06
8037,1.2175477168103877e-05
8516,1.2175477168103877e-05
9511,1.2175477168103877e-05
9960,1.2175477168103877e-05
9421,1.2175477168103877e-05
9805,1.2175477168103877e-05
9940,1.2177038220199492e-05
9238,1.2175477168103877e-05
9047,5.9531831874349864e-05
10100,1.2175477168103877e-05
8985,1.2175477168103877e-05
9592,1.6248473779571958e-06
10132,1.6248473779571958e-06
11957,1.127525023191327e-05
7653,4.5247729204126046e-05
8024,4.708336743551817e-05
8408,4.046409256845973e-05
10250,4.122293207562595e-06
10674,4.1678585318035005e-06
3380,9.118086930522703e-06
1652,0.00018907300734005396
10926,6.704602935301451e-05
7700,8.185874676447647e-06
11789,2.6138042784416933e-06
6299,0.00013124342013184055
9252,0.00012928305950971828
10052,0.00012928305950971828
7304,0.00013192665646663491
9513,0.00020168584855317166
8217,8.446935441440227e-05
4671,8.446935441440227e-05
11906,0.0005281469207546434
10000,0.0005281469207546434
8606,0.0005281469207546434
11310,0.0005281469207546434
2358,0.0005281469207546434
11615,0.0005281469207546434
10093,0.0005281469207546434
11902,0.0005281469207546434
11490,0.00023772788163365114
7769,3.0322817348345156e-07
6669,8.802645876273784e-06
8290,5.053613522259964e-06
7523,1.5070002093129602e-05
11130,1.2489223891122485e-05
8773,1.0091685303247234e-05
9595,1.0023307488441575e-05
10294,2.2029439255815046e-05
8483,1.0994999160173506e-05
10870,3.001161008943286e-05
3163,2.3458182838025175e-06
10372,0.00013993927449960686
8804,0.00013993927449960686
11893,0.00013993927449960686
10112,5.355538693169116e-05
8795,5.939031966969445e-07
8384,6.860164310777351e-05
9792,6.860164310777351e-05
9385,6.859819962094144e-05
8394,6.859819962094144e-05
8266,6.85999213211107e-05
9269,6.859819962094144e-05
9400,6.859819962094144e-05
11229,6.86016604945917e-05
11062,5.591960894489623e-06
9667,0.00010531389404775164
9828,0.00010531389404775164
9669,0.00010531389404775164
9835,0.00010531389404775164
9396,0.00010624835742881985
9973,0.00010532463656840649
9194,0.00017199021427774373
10548,7.664810343938675e-09
7651,1.0268882654471808e-05
9028,3.776423452291579e-05
8261,7.146329109396237e-05
7622,4.452249033983004e-05
10466,3.426045209838487e-06
8652,4.505990682942621e-05
7708,4.3424049022870015e-05
7709,4.3216359104775654e-05
10151,4.3216359104775654e-05
9512,4.322307805605731e-05
9522,4.3216359104775654e-05
10045,4.322072529635106e-05
9927,4.3216359104775654e-05
9437,4.322744424763271e-05
9826,4.3216359104775654e-05
9843,8.25186688884254e-05
7163,7.010449453987745e-05
8545,4.1563701993888856e-05
7731,8.214121151155588e-05
10668,1.4735511848209087e-06
10317,2.419509987006461e-06
9852,1.4735511848209087e-06
11362,1.0161231866746079e-05
11729,9.88188811989745e-06
10008,6.462944896529743e-05
9886,6.462944896529743e-05
8493,0.00010227054049390829
9191,6.462944896529743e-05
8800,2.8003998245239978e-05
9600,6.637501655565602e-05
8158,3.0959202312032046e-06
8536,3.0959983701924055e-06
11386,4.7467603042856646e-08
8015,2.9308267575428558e-05
7625,1.4162396497148994e-05
3080,2.1965938373921698e-05
1856,3.163237630769729e-36
2050,3.163237630769729e-36
8479,1.8210046858424486e-05
11808,1.651116268174534e-05
8546,1.8210046858424486e-05
10101,1.6784148561605154e-05
8574,1.8210046858424486e-05
8517,9.006371416587561e-06
10099,9.006371416587561e-06
1160,7.359578906086316e-08
11404,7.359578906086316e-08
1806,6.05339773939545e-08
10408,6.05339773939545e-08
10299,6.05339773939545e-08
11474,1.1603432108927845e-05
10844,6.053397739395451e-08
10720,6.053397739395451e-08
9981,6.053397739395451e-08
8383,8.395230871875545e-06
8650,8.395230871875545e-06
9218,3.528343718320451e-05
9411,3.528343718320451e-05
7878,3.527989162224252e-05
9865,3.528343718320451e-05
8490,3.528343718320451e-05
10085,7.513406316607394e-06
10438,2.723853769276483e-05
9707,6.700870260369443e-05
10915,9.097258852085616e-06
10298,9.097524030753997e-06
1385,7.523580474037602e-06
8736,7.523770229735661e-06
11731,3.163237630769729e-36
93,3.163237630769729e-36
8803,6.941999251720993e-06
10947,3.4625863409224697e-07
11197,3.4625863409224697e-07
9287,1.3147112585437809e-05
9064,4.3547660715975057e-05
8620,3.46097660082421e-05
7737,3.46097660082421e-05
11969,6.14496034025981e-06
10176,1.841246634005645e-29
686,1.841246634005645e-29
10323,1.841246634005645e-29
9909,1.841246634005645e-29
10361,1.841246634005645e-29
10659,6.593009228365901e-07
9429,3.668706077407602e-05
9819,3.667877358210181e-05
10785,3.0162475081840713e-06
12195,3.051961926705764e-05
8772,3.149674703681585e-05
10769,8.285616886035147e-07
9587,3.101221873475484e-05
8412,8.285616886035148e-07
9693,3.101221873475484e-05
9263,2.950912848480048e-06
12087,1.3641542821803015e-06
9227,1.5174335586197907e-05
9603,1.2420852533953917e-06
9609,1.2420852533953917e-06
11960,1.8894224750856827e-05
8805,4.3080907835688115e-05
10117,1.2762118933268955e-05
9836,2.580241937059182e-05
1677,2.580241937059182e-05
10139,5.100017697277937e-05
9596,5.099629403954467e-05
11718,0.000291460678408705
8036,6.791454983650753e-06
10927,6.791454983650753e-06
7941,1.8181177293139497e-05
10656,7.09048715683664e-07
12188,3.5633897646664623e-09
7908,4.1671682535563814e-08
8249,1.0548750113683495e-05
9989,1.8836671852804937e-05
9211,1.8836671852804937e-05
8743,4.010500348626234e-05
11693,1.7102102286241214e-05
11234,2.87954609323403e-06
9447,2.87954609323403e-06
3048,2.87954609323403e-06
7290,0.00018274185186455876
7675,1.4305362663875105e-05
9855,1.4306084257529012e-05
10051,1.348093726239154e-06
10308,9.580529984993958e-07
11255,9.580529984993958e-07
12250,1.4657735973347758e-06
12200,2.998078641381761e-06
9821,2.998003343649545e-06
8289,4.1491883723333115e-06
9934,4.1491883723333115e-06
9913,4.1491883723333115e-06
7810,3.810607565106399e-07
9733,3.8296576941343286e-07
9796,3.8296576941343286e-07
11470,3.810607565106399e-07
10555,3.8296576941343286e-07
8654,4.388911690516449e-07
9264,4.657190304247487e-07
9438,4.388911690516449e-07
8648,4.3652663527893407e-07
9358,4.3652663527893407e-07
8711,3.086299446723046e-05
8984,8.630158640627123e-07
12085,2.510313343745865e-06
11823,6.215158233546808e-07
7171,1.6367890787867468e-05
10885,3.7918058977201775e-07
10167,9.61205340716726e-06
9099,2.277324922490193e-05
10622,1.0141833128425545e-06
2943,0.00017977999536080192
8662,1.261164609921723e-08
8003,1.0725947830050853e-05
9065,1.2669024167674276e-05
9617,1.2669024167674276e-05
8690,1.2669024167674276e-05
11857,8.686046979395058e-06
8564,1.2669988451816596e-05
8410,1.2581440562983417e-05
8997,6.268723001524083e-06
8839,6.268723001524083e-06
11600,1.744449492393876e-06
12258,1.744449492393876e-06
10647,3.163237630769729e-36
10840,3.163237630769729e-36
10394,2.8259186745039122e-05
8265,3.417991154079839e-05
9546,3.417991154079839e-05
8879,3.417991154079839e-05
9935,3.417991154079839e-05
9402,3.417991154079839e-05
9277,3.417991154079839e-05
8175,2.0557502173463487e-05
9222,2.98291673414454e-05
10227,2.98291673414454e-05
8287,2.96808044799092e-05
8448,3.521711241956738e-05
8221,2.5379401855691334e-05
9629,2.5310514913361467e-05
8489,2.5310514913361467e-05
8257,2.5324021207401717e-05
10192,2.5310514913361467e-05
8887,2.8259186745039122e-05
9801,3.0618238420300156e-05
9060,4.291202795992571e-05
11436,4.291202795992571e-05
9674,4.765391142777288e-05
8108,4.765391142777288e-05
8880,4.765391142777288e-05
8697,4.765391142777288e-05
10375,2.740362731017465e-07
9230,3.299785459495015e-06
11830,3.2997026211234458e-06
8981,2.70291000997532e-06
12244,6.627328836189836e-07
10345,1.6573175967175543e-08
7951,1.927876108125327e-06
11070,6.890388338504679e-07
9570,8.531717566727932e-07
10917,8.531717566727932e-07
7776,3.7782917464075414e-08
9812,9.366001707471174e-35
8070,6.622763319957431e-35
10713,6.622763319957431e-35
7200,3.0195702718160147e-06
7093,2.7465843919562035e-06
8833,2.0088200891400243e-07
11965,1.4407360794370477e-05
8340,2.0088200891400243e-07
8793,1.3161514106132316e-07
9949,1.1799790430954625e-05
10280,1.421884945814053e-05
10972,5.598156455211003e-05
8071,2.588250806942512e-07
9010,2.588250806942512e-07
8602,2.588250806942512e-07
6486,5.11326358924055e-07
11503,5.11326358924055e-07
10467,1.951094816543162e-08
10231,3.885409672790959e-06
10506,3.885312179114519e-06
10382,3.885312179114519e-06
10387,3.885312179114519e-06
10006,1.5428210310648398e-05
9885,3.885312179114519e-06
10406,3.885312179114519e-06
8488,3.0653357085994474e-06
10794,3.885312179114519e-06
9515,3.885779113116674e-06
10029,4.547444488106536e-05
9791,4.54733035562531e-05
10701,3.885312179114519e-06
8798,3.885779113116674e-06
8802,3.885779113116674e-06
10084,3.885312179114519e-06
10088,3.885312179114519e-06
10350,3.885312179114519e-06
9081,3.885779113116674e-06
11459,1.7488629742024436e-05
10367,4.204245412809156e-05
10120,4.204245412809156e-05
10354,4.204245412809156e-05
9687,4.204245412809156e-05
8310,2.344262914411113e-05
10374,1.4987717303057932e-07
10949,1.4988094313960307e-07
10589,7.533474790386312e-10
11782,3.1166154727580006e-33
8840,3.1166154727580006e-33
11743,3.1166154727580006e-33
9581,5.0097974605846895e-06
4636,2.261489559845613e-09
6989,7.507113605376805e-07
8451,1.2397204788934718e-05
10153,8.853070538898102e-07
9518,9.392081563893631e-07
9044,8.853070538898102e-07
7701,3.163237630769729e-36
7735,3.163237630769729e-36
9794,3.44510767420682e-07
11835,8.485286053501733e-06
12147,8.485286053501733e-06
9982,2.5614012951537474e-06
11241,6.96287703384132e-06
7988,1.1035882104194906e-05
10334,1.5487281781258767e-05
7178,3.851599300496254e-07
7096,1.8551080551997143e-07
7229,3.851599300496254e-07
1832,8.587849861171994e-08
9559,2.1695546033551966e-06
1783,1.1432262489719639e-07
8447,1.3961241680341226e-06
12264,3.163237630769729e-36
11757,3.163237630769729e-36
9665,1.411873269059769e-09
9926,1.411873269059769e-09
11014,1.411873269059769e-09
11000,1.411873269059769e-09
9586,1.411873269059769e-09
10623,1.411873269059769e-09
10207,2.987694570072888e-06
10710,3.316134918973025e-06
11977,1.3213134684268394e-09
11371,1.3213134684268394e-09
12056,1.3213134684268394e-09
8475,3.163237630769729e-36
7348,3.163237630769729e-36
9223,3.1166154727580006e-33
11979,3.1166154727580006e-33
7521,3.1166154727580006e-33
11254,2.8974899468822573e-08
11920,3.1166154727580006e-33
11558,3.1166154727580006e-33
10975,3.1166154727580006e-33
11499,3.163237630769729e-36
11500,3.163237630769729e-36
9452,9.075291447328017e-08
9355,3.163237630769729e-36
9583,3.163237630769729e-36
7077,3.316886803745135e-06
7136,3.316886803745135e-06
10488,1.1748381301502899e-07
9114,3.163237630769729e-36
8787,3.163237630769729e-36
8593,2.5289854350950363e-06
9830,2.5289854350950363e-06
11966,3.163237630769729e-36
11986,3.163237630769729e-36
9192,2.1871270344185614e-05
6954,1.504214656638863e-06
11248,1.1420963066521764e-06
8171,1.0221875922610827e-06
7190,1.1492453895421868e-06
7734,1.1493033781429244e-06
8079,5.801393875432806e-09
7537,5.8012481996419655e-09
11237,1.4640793537624773e-13
11078,2.9141072544868833e-11
6774,5.009901161701512e-34
7099,8.677403353845121e-34
7220,5.009901161701512e-34
7195,5.009901161701512e-34
6976,3.163237630769729e-36
6878,3.163237630769729e-36
10264,1.1719075524065101e-05
7809,5.885522501560536e-08
9813,1.1718781380934501e-05
10781,1.1718781380934501e-05
7205,3.163237630769729e-36
7420,3.163237630769729e-36
10179,3.546779509259521e-07
7618,3.1166154727580006e-33
6820,3.1166154727580006e-33
7863,3.1166154727580006e-33
6908,3.1166154727580006e-33
6955,3.1166154727580006e-33
6868,3.1166154727580006e-33
7423,9.344598022603626e-08
9691,2.2837555276743236e-07
7125,4.692791847695298e-10
10723,5.133587763078485e-09
11999,4.0439179591694576e-07
10496,3.4534360496970824e-07
9888,3.163237630769729e-36
7595,3.163237630769729e-36
914,9.83265101348438e-06
7704,3.163237630769729e-36
9267,3.163237630769729e-36
7952,3.163237630769729e-36
7713,3.163237630769729e-36
8842,5.414957604790902e-08
9726,5.414957604790902e-08
9738,5.859602490318255e-08
9666,5.387750716863734e-08
8592,6.429102411310734e-08
8614,6.429102411310734e-08
8884,6.429102411310734e-08
9016,6.320008079988443e-08
11298,3.752388412415732e-07
10481,3.752388412415732e-07
8721,7.112022548654537e-08
7829,3.163237630769729e-36
9357,3.163237630769729e-36
7938,3.163237630769729e-36
7831,3.163237630769729e-36
7880,1.6540889355001342e-09
8779,8.31430371135376e-12
10049,6.243243374751656e-08
10145,6.243243374751656e-08
10209,6.243243374751656e-08
9101,6.243243374751656e-08
10519,6.243243374751656e-08
8646,3.163237630769729e-36
8511,3.163237630769729e-36
7681,8.419843645518445e-07
9626,3.163237630769729e-36
8187,3.163237630769729e-36
8074,5.371713635646701e-07
9548,5.371713635646701e-07
8365,5.371713635646701e-07
9620,5.371713635646701e-07
9080,3.624154842677959e-08
8222,7.216660201028604e-06
8444,7.217027970788539e-06
8208,3.6611156355366234e-08
8501,3.661207542814488e-08
8567,3.6611156355366234e-08
11756,2.223576226387474e-07
11777,6.622763319957431e-35
10981,9.366001707471174e-35
8342,6.622763319957431e-35
8541,3.3080526174847076e-09
10137,3.1166154727580006e-33
10162,3.1166154727580006e-33
8382,3.1166154727580006e-33
8392,3.163237630769729e-36
8830,3.163237630769729e-36
8466,1.8388257096935682e-10
8449,3.163237630769729e-36
9735,3.163237630769729e-36
11956,1.160838988565589e-05
9889,1.1727139758346492e-05
10121,1.1727139758346492e-05
8565,1.5551918697125082e-08
10089,7.814096483563664e-11
9082,1.307738502155501e-06
8598,3.163237630769729e-36
9543,3.163237630769729e-36
9216,4.1461188274025e-31
9551,4.1461188274025e-31
8624,4.1461188274025e-31
9585,4.1461188274025e-31
9117,3.927752203096348e-13
1047,2.6305958648882556e-06
9528,3.163237630769729e-36
8995,3.163237630769729e-36
8496,3.163237630769729e-36
9030,3.163237630769729e-36
9033,3.163237630769729e-36
9110,3.163237630769729e-36
9384,3.163237630769729e-36
1985,3.163237630769729e-36
9863,3.1166154727580006e-33
9378,3.1166154727580006e-33
9860,3.1166154727580006e-33
2104,3.163237630769729e-36
9382,3.163237630769729e-36
10352,7.22031650839862e-08
10620,7.22031650839862e-08
11368,4.1461188274025e-31
8718,4.1461188274025e-31
11418,4.1461188274025e-31
9404,4.1461188274025e-31
9514,3.163237630769729e-36
10532,3.163237630769729e-36
9983,3.163237630769729e-36
9599,3.163237630769729e-36
10252,5.7653687360527885e-09
11329,1.5060465722099313e-08
11012,3.1166154727580006e-33
9873,3.1166154727580006e-33
11007,3.1166154727580006e-33
10441,5.305395125089515e-08
11880,3.1166154727580006e-33
10037,3.1166154727580006e-33
11323,3.1166154727580006e-33
10050,3.163237630769729e-36
10080,3.163237630769729e-36
11018,1.5005606027105192e-08
11017,3.1166154727580006e-33
11064,3.1166154727580006e-33
10229,3.1166154727580006e-33
8369,3.163237630769729e-36
10131,3.163237630769729e-36
5125,1.841246634005645e-29
11848,1.841246634005645e-29
10698,1.841246634005645e-29
2000,1.841246634005645e-29
11742,1.841246634005645e-29
11143,5.436080341587944e-06
11409,5.436080341587944e-06
11928,5.436080341587944e-06
12155,3.163237630769729e-36
10819,3.163237630769729e-36
10800,3.163237630769729e-36
84,3.163237630769729e-36
11973,3.163237630769729e-36
12198,3.163237630769729e-36
